"Standard Number","Date of Publish","Standard Name","Type of Standard","Degree of Equivalence"
"IS 1885 (Part 90):2025","13 Jun 2025"," Electrotechnical Vocabulary Part 89 Magnetic Materials and Components","Terminology","Identical under dual numbering"
"IS/IEC 60512 (Part 2/Sec 2):2003","29 Oct 2024","Connectors for Electronic Equipment ï¿½ Tests and Measurements Part 2 Electrical Continuity and Contact Resistance Tests Section 2 Test 2b Contact Resistance Specified Test Current Method","Code of Practice","Identical under single numbering"
"IS/IEC 60512 (Part 4/Sec 3):2002","29 Oct 2024","Connectors for electronic equipment  Part - 4  Tests and measurements   Section - 3: Voltage stress tests - Test 4c: Voltage proof of pre-insulated crimp barrels","Code of Practice","Identical under single numbering"
"IS/IEC 60512 (Part 2/Sec 1):2002","22 Oct 2024","Connectors for electronic equipment  Part 2 Tests and measurements  Section 1: Electrical continuity and contact resistance tests Test 2a: Contact resistance Millivolt level method","Code of Practice","Identical under single numbering"
"IS/IEC 60512 (Part 4/Sec 2):2002","01 Oct 2024","Connectors for electronic equipment  Part -4  Tests and measurements   Section - 2: Voltage stress tests - Test 4b: Partial  discharge","Code of Practice","Identical under single numbering"
"IS/IEC 60512 (Part 2/Sec 5):2003","09 Sept 2024","Connectors for Electronic Equipment ï¿½ Tests and Measurements Part 2 Electrical Continuity and Contact Resistance Tests Section 5 Test 2e: Contact Disturbance ","Code of Practice","Identical under single numbering"
"IS/IEC 60512 (Part 2/Sec 6):2002","09 Sept 2024","Connectors for electronic equipment   Part 2 Tests and measurements  Section 6: Electrical continuity and contact resistance tests Test 2f: Housing shell electrical continuity","Code of Practice","Identical under single numbering"
"IS/IEC 60512 (Part 3/Sec 1):2002","09 Sept 2024","Connectors for Electronic Equipment Tests and Measurements  Part 3 Insulation Tests  Section 1 Test 3A: Insulationï¿½Resistance","Code of Practice","Identical under single numbering"
"IS/IEC 60512 (Part 2/Sec 3):2002","05 Sept 2024","Connectors for Electronic Equipment ï¿½ Tests and Measurements Part 2 Electrical Continuity and Contact Resistance Tests Section 3 Test 2c: Contact Resistance Variation","Code of Practice","Identical under single numbering"
"IS/IEC 60512 (Part 4/Sec 1):2003","16 Aug 2024","Connectors for electronic equipment -  Part - 4 Tests and measurements -  Section - 1: Voltage stress tests - Test 4a: Voltage proof","Code of Practice","Identical under single numbering"