standard_number,title,department,publication_date,type,degree_of_equivalence,source_file
IS 19364:2025,,CHD,03 Sept 2025,Product Specification,Indigenous,new-standards-CHEMICAL-DEPARTMENT-(CHD)-2026-09-28.csv
IS 19300:2025,,CHD,13 Jun 2025,Product Specification,Indigenous,new-standards-CHEMICAL-DEPARTMENT-(CHD)-2026-09-28.csv
IS 18731:2024,,CHD,26 Jun 2024,Product Specification,Indigenous,new-standards-CHEMICAL-DEPARTMENT-(CHD)-2026-09-28.csv
IS 17441 (Part 1):2021,,CHD,31 Dec 2021,Product Specification,Indigenous,new-standards-CHEMICAL-DEPARTMENT-(CHD)-2026-09-28.csv
IS 17441 (Part 2):2021,,CHD,31 Dec 2021,Product Specification,Indigenous,new-standards-CHEMICAL-DEPARTMENT-(CHD)-2026-09-28.csv
IS 17539:2021,,CHD,31 Mar 2021,Product Specification,Indigenous,new-standards-CHEMICAL-DEPARTMENT-(CHD)-2026-09-28.csv
IS 17439:2020,,CHD,31 Aug 2020,Product Specification,Indigenous,new-standards-CHEMICAL-DEPARTMENT-(CHD)-2026-09-28.csv
IS 17440:2020,,CHD,31 Aug 2020,Product Specification,Indigenous,new-standards-CHEMICAL-DEPARTMENT-(CHD)-2026-09-28.csv
IS 17441:2020,,CHD,31 Aug 2020,Product Specification,Indigenous,new-standards-CHEMICAL-DEPARTMENT-(CHD)-2026-09-28.csv
IS 17443:2020,,CHD,31 Aug 2020,Product Specification,Indigenous,new-standards-CHEMICAL-DEPARTMENT-(CHD)-2026-09-28.csv
IS 19058:2024,,CED,01 Jan 2025,Process Specification,Indigenous,new-standards-CIVIL-ENGINEERING-DEPARTMENT-(CED)-2026-09-28.csv
IS 18685:2024,,CED,18 Oct 2024,Product Specification,Indigenous,new-standards-CIVIL-ENGINEERING-DEPARTMENT-(CED)-2026-09-28.csv
IS 18189:2023,,CED,21 Jun 2023,Product Specification,Indigenous,new-standards-CIVIL-ENGINEERING-DEPARTMENT-(CED)-2026-09-28.csv
IS 516 (Part 1/Sec 1):2021,,CED,31 Mar 2021,Methods of Tests,Indigenous,new-standards-CIVIL-ENGINEERING-DEPARTMENT-(CED)-2026-09-28.csv
IS 516 (Part 2/Sec 4):2021,,CED,31 Mar 2021,Methods of Tests,Indigenous,new-standards-CIVIL-ENGINEERING-DEPARTMENT-(CED)-2026-09-28.csv
IS 516 (Part 5/Sec 2):2021,,CED,31 Mar 2021,Methods of Tests,Modified/Technically Equivalent,new-standards-CIVIL-ENGINEERING-DEPARTMENT-(CED)-2026-09-28.csv
IS 516 (Part 5/Sec 3):2021,,CED,31 Jan 2021,Methods of Tests,Modified/Technically Equivalent,new-standards-CIVIL-ENGINEERING-DEPARTMENT-(CED)-2026-09-28.csv
IS 516 (Part 5/Sec 4):2020,,CED,31 Aug 2020,Methods of Tests,Indigenous,new-standards-CIVIL-ENGINEERING-DEPARTMENT-(CED)-2026-09-28.csv
IS 516 (Part 8/Sec 1):2020,,CED,31 Aug 2020,Methods of Tests,Modified/Technically Equivalent,new-standards-CIVIL-ENGINEERING-DEPARTMENT-(CED)-2026-09-28.csv
IS 17161:2020,,CED,30 Jun 2020,Methods of Tests,Indigenous,new-standards-CIVIL-ENGINEERING-DEPARTMENT-(CED)-2026-09-28.csv
IS 1885 (Part 90):2025,,LITD,13 Jun 2025,Terminology,Identical under dual numbering,new-standards-ELECTRONICS-AND-INFORMATION-TECHNOLOGY-DEPARTMENT-(LITD)-2026-09-28.csv
IS/IEC 60512 (Part 2/Sec 2):2003,,LITD,29 Oct 2024,Code of Practice,Identical under single numbering,new-standards-ELECTRONICS-AND-INFORMATION-TECHNOLOGY-DEPARTMENT-(LITD)-2026-09-28.csv
IS/IEC 60512 (Part 4/Sec 3):2002,,LITD,29 Oct 2024,Code of Practice,Identical under single numbering,new-standards-ELECTRONICS-AND-INFORMATION-TECHNOLOGY-DEPARTMENT-(LITD)-2026-09-28.csv
IS/IEC 60512 (Part 2/Sec 1):2002,,LITD,22 Oct 2024,Code of Practice,Identical under single numbering,new-standards-ELECTRONICS-AND-INFORMATION-TECHNOLOGY-DEPARTMENT-(LITD)-2026-09-28.csv
IS/IEC 60512 (Part 4/Sec 2):2002,,LITD,01 Oct 2024,Code of Practice,Identical under single numbering,new-standards-ELECTRONICS-AND-INFORMATION-TECHNOLOGY-DEPARTMENT-(LITD)-2026-09-28.csv
IS/IEC 60512 (Part 2/Sec 5):2003,,LITD,09 Sept 2024,Code of Practice,Identical under single numbering,new-standards-ELECTRONICS-AND-INFORMATION-TECHNOLOGY-DEPARTMENT-(LITD)-2026-09-28.csv
IS/IEC 60512 (Part 2/Sec 6):2002,,LITD,09 Sept 2024,Code of Practice,Identical under single numbering,new-standards-ELECTRONICS-AND-INFORMATION-TECHNOLOGY-DEPARTMENT-(LITD)-2026-09-28.csv
IS/IEC 60512 (Part 3/Sec 1):2002,,LITD,09 Sept 2024,Code of Practice,Identical under single numbering,new-standards-ELECTRONICS-AND-INFORMATION-TECHNOLOGY-DEPARTMENT-(LITD)-2026-09-28.csv
IS/IEC 60512 (Part 2/Sec 3):2002,,LITD,05 Sept 2024,Code of Practice,Identical under single numbering,new-standards-ELECTRONICS-AND-INFORMATION-TECHNOLOGY-DEPARTMENT-(LITD)-2026-09-28.csv
IS/IEC 60512 (Part 4/Sec 1):2003,,LITD,16 Aug 2024,Code of Practice,Identical under single numbering,new-standards-ELECTRONICS-AND-INFORMATION-TECHNOLOGY-DEPARTMENT-(LITD)-2026-09-28.csv
IS 19510:2025,,FAD,09 Jul 2026,Product Specification,Indigenous,new-standards-FOOD-AND-AGRICULTURE-DEPARTMENT-(FAD)-2026-09-28.csv
IS 19788:2026,,FAD,15 May 2026,Product Specification,Indigenous,new-standards-FOOD-AND-AGRICULTURE-DEPARTMENT-(FAD)-2026-09-28.csv
IS 18873:2024,,FAD,18 Oct 2024,Product Specification,Indigenous,new-standards-FOOD-AND-AGRICULTURE-DEPARTMENT-(FAD)-2026-09-28.csv
IS 18876:2024,,FAD,18 Oct 2024,Product Specification,Indigenous,new-standards-FOOD-AND-AGRICULTURE-DEPARTMENT-(FAD)-2026-09-28.csv
IS 18600:2024,,FAD,30 Mar 2024,Product Specification,Indigenous,new-standards-FOOD-AND-AGRICULTURE-DEPARTMENT-(FAD)-2026-09-28.csv
IS 18579:2024,,FAD,09 Feb 2024,Product Specification,Indigenous,new-standards-FOOD-AND-AGRICULTURE-DEPARTMENT-(FAD)-2026-09-28.csv
IS 18588:2024,,FAD,09 Feb 2024,Product Specification,Indigenous,new-standards-FOOD-AND-AGRICULTURE-DEPARTMENT-(FAD)-2026-09-28.csv
IS 18604:2024,,FAD,30 Jan 2024,Product Specification,Indigenous,new-standards-FOOD-AND-AGRICULTURE-DEPARTMENT-(FAD)-2026-09-28.csv
IS 18389:2023,,FAD,02 Nov 2023,Product Specification,Indigenous,new-standards-FOOD-AND-AGRICULTURE-DEPARTMENT-(FAD)-2026-09-28.csv
IS 18390:2023,,FAD,02 Nov 2023,Product Specification,Indigenous,new-standards-FOOD-AND-AGRICULTURE-DEPARTMENT-(FAD)-2026-09-28.csv
IS 19065 (Part 6):2025,,TED,13 Aug 2025,Process Specification,Identical under dual numbering,new-standards-TRANSPORT-ENGINEERING-DEPARTMENT-(TED)-2026-09-28.csv
IS 19280:2025,,TED,05 Aug 2025,Process Specification,Identical under dual numbering,new-standards-TRANSPORT-ENGINEERING-DEPARTMENT-(TED)-2026-09-28.csv
IS 19299:2025,,TED,05 Aug 2025,Process Specification,Identical under dual numbering,new-standards-TRANSPORT-ENGINEERING-DEPARTMENT-(TED)-2026-09-28.csv
IS 19211:2025,,TED,25 Jul 2025,Process Specification,Identical under dual numbering,new-standards-TRANSPORT-ENGINEERING-DEPARTMENT-(TED)-2026-09-28.csv
IS 19065 (Part 4):2025,,TED,17 Jul 2025,Process Specification,Identical under dual numbering,new-standards-TRANSPORT-ENGINEERING-DEPARTMENT-(TED)-2026-09-28.csv
IS 19215:2025,,TED,27 Jun 2025,Process Specification,Identical under dual numbering,new-standards-TRANSPORT-ENGINEERING-DEPARTMENT-(TED)-2026-09-28.csv
IS 19216:2025,,TED,27 Jun 2025,Process Specification,Identical under dual numbering,new-standards-TRANSPORT-ENGINEERING-DEPARTMENT-(TED)-2026-09-28.csv
IS 19217:2025,,TED,27 Jun 2025,Process Specification,Identical under dual numbering,new-standards-TRANSPORT-ENGINEERING-DEPARTMENT-(TED)-2026-09-28.csv
IS 19224:2025,,TED,27 Jun 2025,Product Specification,Identical under dual numbering,new-standards-TRANSPORT-ENGINEERING-DEPARTMENT-(TED)-2026-09-28.csv
IS 19258:2025,,TED,27 Jun 2025,Process Specification,Identical under dual numbering,new-standards-TRANSPORT-ENGINEERING-DEPARTMENT-(TED)-2026-09-28.csv
IS 17485 (Part 2):2021,,WRD,31 Mar 2021,Code of Practice,Identical under dual numbering,new-standards-WATER-RESOURCES-DEPARTMENT-(WRD)-2026-09-28.csv
IS 17485 (Part 3):2021,,WRD,31 Mar 2021,Code of Practice,Identical under dual numbering,new-standards-WATER-RESOURCES-DEPARTMENT-(WRD)-2026-09-28.csv
IS 17485 (Part 6):2021,,WRD,31 Mar 2021,Code of Practice,Identical under dual numbering,new-standards-WATER-RESOURCES-DEPARTMENT-(WRD)-2026-09-28.csv
IS 17485 (Part 7):2021,,WRD,31 Mar 2021,Code of Practice,Identical under dual numbering,new-standards-WATER-RESOURCES-DEPARTMENT-(WRD)-2026-09-28.csv
IS 17272:2021,,WRD,31 Jan 2021,Code of Practice,Identical under dual numbering,new-standards-WATER-RESOURCES-DEPARTMENT-(WRD)-2026-09-28.csv
IS 17273:2021,,WRD,31 Jan 2021,-,-,new-standards-WATER-RESOURCES-DEPARTMENT-(WRD)-2026-09-28.csv
IS 17287:2021,,WRD,31 Jan 2021,Code of Practice,Identical under dual numbering,new-standards-WATER-RESOURCES-DEPARTMENT-(WRD)-2026-09-28.csv
IS 17288:2021,,WRD,31 Jan 2021,Code of Practice,Identical under dual numbering,new-standards-WATER-RESOURCES-DEPARTMENT-(WRD)-2026-09-28.csv
IS 17289:2021,,WRD,31 Jan 2021,Code of Practice,Identical under dual numbering,new-standards-WATER-RESOURCES-DEPARTMENT-(WRD)-2026-09-28.csv
IS 17290 (Part 1):2021,,WRD,31 Jan 2021,Code of Practice,Identical under dual numbering,new-standards-WATER-RESOURCES-DEPARTMENT-(WRD)-2026-09-28.csv
