standard_number,title,publication_date,type,degree_of_equivalence,department,original_source_file
IS 15627:2022,Automotive Vehicles - Pneumatic Tyres for Two and Three - Wheeled Motor Vehicles - Specification First Revision,,Product Specification,Indigenous,Unknown,File_Published_Standards_List_2026-09-28_221342.xlsx
IS 14900:2026,Transparent float glass - Specification (Second Revision),28 Aug 2026,Product Specification,Indigenous,Unknown,File_Published_Standards_List_2026-09-28_221342.xlsx
IS 19763:2026,Textile floor coverings - Aircraft Woven Carpet - Specification,04 Aug 2026,Product Specification,Indigenous,Unknown,File_Published_Standards_List_2026-09-28_221342.xlsx
IS 19783:2026,Textiles — 100 Percent Nylon Woven Fabric — Specifications,04 Aug 2026,Product Specification,Indigenous,Unknown,File_Published_Standards_List_2026-09-28_221342.xlsx
IS 11916:2026,Textiles – Continuous filament glass yarn for aerospace and other purposes – Specification (second revision),04 Aug 2026,Product Specification,Indigenous,Unknown,File_Published_Standards_List_2026-09-28_221342.xlsx
IS 8694:1978,"Specification for latex bladders, seamless, valve type",,Product Specification,Indigenous,Unknown,File_Published_Standards_List_2026-09-28_221342.xlsx
IS 8688:2004,Plastics bottles for potable water - Specification (Second Revision),,Product Specification,Indigenous,Unknown,File_Published_Standards_List_2026-09-28_221342.xlsx
IS 7928:1993,"Alginic acid, food grade - Specification (First Revision)",,Product Specification,Indigenous,Unknown,File_Published_Standards_List_2026-09-28_221342.xlsx
IS 7899:2006,Alloy steel castings suitable for pressure service - Specification (Third Revision),,Product Specification,Not Equivalent,Unknown,File_Published_Standards_List_2026-09-28_221342.xlsx
IS 7538:1996,Three - Phase squirrel cage induction motors for centrifugal pumps for agricultural application - Specification (First Revision),,Product Specification,Indigenous,Unknown,File_Published_Standards_List_2026-09-28_221342.xlsx
IS 6639:1972,Specification for hexagon bolts for steel structures,,Product Specification,Indigenous,Unknown,File_Published_Standards_List_2026-09-28_221342.xlsx
IS 6529:1996,"Stainless steel blooms, billets and slabs for forging - Specification (First Revision)",,Product Specification,Indigenous,Unknown,File_Published_Standards_List_2026-09-28_221342.xlsx
IS 4373:1967,Specification for hydraulically operated stop light switches for automobiles,,Product Specification,Indigenous,Unknown,File_Published_Standards_List_2026-09-28_221342.xlsx
IS 2373:1981,Specification for water meters (bulk type) (third revision),,Product Specification,-,Unknown,File_Published_Standards_List_2026-09-28_221342.xlsx
IS 2255:1977,Specification for mild steel wire rod for the manufacture of machine screws (By Cold Heading Process) (Second Revision),,Product Specification,Indigenous,Unknown,File_Published_Standards_List_2026-09-28_221342.xlsx
IS 1852:1985,Specification for rolling and cutting tolerances for hot - Rolled steel products (Fourth Revision),,Product Specification,Not Equivalent,Unknown,File_Published_Standards_List_2026-09-28_221342.xlsx
IS 12818:2010,Unplasticized Polyvinyl Chloride (PVC-U) Screen and Casing Pipes for Bore/Tubewells - Specification (Second Revision),,Product Specification,Indigenous,Unknown,File_Published_Standards_List_2026-09-28_221342.xlsx
IS 5085:2026,"Textiles — Berets, Wool, Knitted — Specification (Third Revision)",27 Mar 2026,Product Specification,Indigenous,Unknown,File_Published_Standards_List_2026-09-28_221342.xlsx
IS 14351:2026,Textiles — Ground Sheets (Light Weight) — Specification (First Revision),27 Mar 2026,Product Specification,Indigenous,Unknown,File_Published_Standards_List_2026-09-28_221342.xlsx
IS 2637:2025,"Steel Roller Chains, Types S and C, Attachments and Sprockets (ISO 487 : 1998, MOD) (Third Revision)",27 Mar 2026,Product Specification,Modified/Technically Equivalent,Unknown,File_Published_Standards_List_2026-09-28_221342.xlsx
IS 19773:2026,High chrome grinding media ball for cement mills - Specification,30 Mar 2026,Product Specification,Indigenous,Unknown,File_Published_Standards_List_2026-09-28_221342.xlsx
IS 19780:2026,TEXTILES — WOVEN CLOTH LABELS — SPECIFICATION,30 Mar 2026,Product Specification,Indigenous,Unknown,File_Published_Standards_List_2026-09-28_221342.xlsx
IS 1887:2026,Textiles - Plied Jute Roves - Specification (third revision),30 Mar 2026,Product Specification,Indigenous,Unknown,File_Published_Standards_List_2026-09-28_221342.xlsx
IS 8572:2025,Paper - Covered flexible / stranded copper conductors for transformer leads - Specification,30 Mar 2026,Product Specification,Indigenous,Unknown,File_Published_Standards_List_2026-09-28_221342.xlsx
IS 7039:2026,Medical Laboratory Glassware Culture tube with screw cap - Specification First Revision,30 Mar 2026,Product Specification,Indigenous,Unknown,File_Published_Standards_List_2026-09-28_221342.xlsx
IS 13123:2025,POLY ETHYLENE TEREPHTHALATE PET BOTTLES FOR PACKAGING OF LIQUID PESTICIDES UP TO 5 LITRES CAPACITY SPECIFICATION,30 Mar 2026,Product Specification,Indigenous,Unknown,File_Published_Standards_List_2026-09-28_221342.xlsx
IS 19771:2026,Medical electrical equipment Dosimeters with ionization chambers as used in Radiotherapy IEC 60731:2011AMD1:2016 CSV MOD,30 Mar 2026,Product Specification,Modified/Technically Equivalent,Unknown,File_Published_Standards_List_2026-09-28_221342.xlsx
IS 17039:2026,Industrial Cable Reels (First Revision),30 Mar 2026,Product Specification,Identical under dual numbering,Unknown,File_Published_Standards_List_2026-09-28_221342.xlsx
IS 16783:2026,Cable Cleats for Electrical Installations (First Revision),30 Mar 2026,Product Specification,Identical under dual numbering,Unknown,File_Published_Standards_List_2026-09-28_221342.xlsx
IS 19821:2026,Water-Borne Polyurethane Enamel Paint (Two Pack) — Specification,14 May 2026,Product Specification,Indigenous,Unknown,File_Published_Standards_List_2026-09-28_221342.xlsx
