filename,subdir,catalogue_number,catalogue_title,catalogue_year,file_year,match_type
is.14900.2000.pdf,S02,IS 14900:2026,Transparent float glass - Specification (Second Revision),2026,2000,older
is.11916.2001.pdf,S12,IS 11916:2026,Textiles – Continuous filament glass yarn for aerospace and other purposes – Specification (second revision),2026,2001,older
is.8694.1978.pdf,S11,IS 8694:1978,"Specification for latex bladders, seamless, valve type",1978,1978,exact
is.8688.1988.pdf,S11,IS 8688:2004,Plastics bottles for potable water - Specification (Second Revision),2004,1988,older
is.7928.1993.pdf,S06,IS 7928:1993,"Alginic acid, food grade - Specification (First Revision)",1993,1993,exact
is.7899.2006.pdf,S10,IS 7899:2006,Alloy steel castings suitable for pressure service - Specification (Third Revision),2006,2006,exact
is.7538.1996.pdf,S05,IS 7538:1996,Three - Phase squirrel cage induction motors for centrifugal pumps for agricultural application - Specification (First Revision),1996,1996,exact
is.6639.1972.pdf,S01,IS 6639:1972,Specification for hexagon bolts for steel structures,1972,1972,exact
is.6529.1996.pdf,S10,IS 6529:1996,"Stainless steel blooms, billets and slabs for forging - Specification (First Revision)",1996,1996,exact
is.4373.1967.pdf,S13,IS 4373:1967,Specification for hydraulically operated stop light switches for automobiles,1967,1967,exact
is.2373.1981.pdf,S03,IS 2373:1981,Specification for water meters (bulk type) (third revision),1981,1981,exact
is.2255.1977.pdf,S10,IS 2255:1977,Specification for mild steel wire rod for the manufacture of machine screws (By Cold Heading Process) (Second Revision),1977,1977,exact
is.1852.1985.pdf,S03,IS 1852:1985,Specification for rolling and cutting tolerances for hot - Rolled steel products (Fourth Revision),1985,1985,exact
is.12818.2010.pdf,S03,IS 12818:2010,Unplasticized Polyvinyl Chloride (PVC-U) Screen and Casing Pipes for Bore/Tubewells - Specification (Second Revision),2010,2010,exact
is.5085.1976.pdf,S12,IS 5085:2026,"Textiles — Berets, Wool, Knitted — Specification (Third Revision)",2026,1976,older
is.14351.1996.pdf,S12,IS 14351:2026,Textiles — Ground Sheets (Light Weight) — Specification (First Revision),2026,1996,older
is.2637.2004.pdf,S01,IS 2637:2025,"Steel Roller Chains, Types S and C, Attachments and Sprockets (ISO 487 : 1998, MOD) (Third Revision)",2025,2004,older
is.1887.1985.pdf,S12,IS 1887:2026,Textiles - Plied Jute Roves - Specification (third revision),2026,1985,older
is.8572.1993.pdf,S05,IS 8572:2025,Paper - Covered flexible / stranded copper conductors for transformer leads - Specification,2025,1993,older
is.7039.1973.pdf,S09,IS 7039:2026,Medical Laboratory Glassware Culture tube with screw cap - Specification First Revision,2026,1973,older
is.13123.2000.pdf,S11,IS 13123:2025,POLY ETHYLENE TEREPHTHALATE PET BOTTLES FOR PACKAGING OF LIQUID PESTICIDES UP TO 5 LITRES CAPACITY SPECIFICATION,2025,2000,older
is.1.1968.pdf,S12,IS 1:1968,Specification for the national flag of India (cotton khadi) (second revision),1968,1968,exact
is.10000.4.1980.pdf,S13,IS 10000 (Part 4):1980,"Methods of tests for internal combustion engines: Part 4 declaration of power, efficiency, fuel consumption and lubricating oil consumption",1980,1980,exact
is.10007.1981.pdf,S13,IS 10007:1981,Lifeboats' Steel Blocks,1981,1981,exact
is.1001.1991.pdf,S11,IS 1001:1991,Synthetic rubber proofed/coated fuel pump diaphragm fabric - specification (first revision),1991,1991,exact
is.10013.1.1981.pdf,S03,IS 10013 (Part 1):1981,Water Soluble Type Wood Preservatives: Part 1 Acid-Copper-Chrome (Acc) Preservative,1981,1981,exact
is.10013.2.1981.pdf,S03,IS 10013 (Part 2):1981,Water Soluble Type Wood Preservatives: Part 2 Copper-Chrome-Arsenic (Cca) Wood Preservative,1981,1981,exact
is.10013.3.1981.pdf,S03,IS 10013 (Part 3):1981,Water Soluble Type Wood Preservatives: Part 3 Copper-Chrome-Boron (Ccb) Wood Preservative,1981,1981,exact
is.10019.1981.pdf,S03,IS 10019:1981,Specification for mild steel stays and fasteners,1981,1981,exact
is.10029.1981.pdf,S06,IS 10029:1981,Method for sensory evaluation of sweetened condensed milk,1981,1981,exact
is.10030.1981.pdf,S06,IS 10030:1981,Method for sensory evaluation of milk powder,1981,1981,exact
is.1004.1980.pdf,S01,IS 1004:1980,Specification for valve grinding compound (First Revision),1980,1980,exact
is.1005.1992.pdf,S06,IS 1005:1992,Edible maize starch (Corn Flour) - Specification (Third Revision),1992,1992,exact
is.10059.1981.pdf,S06,IS 10059:1981,Specification for edible fish powder,1981,1981,exact
is.10071.1981.pdf,S04,IS 10071:1981,Methods of measurement for hot cathode gas - Filled tube,1981,1981,exact
is.10078.1982.pdf,S03,IS 10078:1982,Specification for Jolting apparatus used for testing Cement,1982,1982,exact
is.1008.2004.pdf,S06,IS 1008:2004,Sugar boiled confectionery - Specification (Second Revision),2004,2004,exact
is.10083.1982.pdf,S06,IS 10083:1982,Method of test for determination of snf (Solids - Not - Fat) in milk by the use of the lactometer,1982,1982,exact
is.10085.2003.pdf,S10,IS 10085:2003,Chemical analysis of zircon (First Revision) flour or sand,2003,2003,exact
is.10103.1982.pdf,S01,IS 10103:1982,Method of test for ferrule type couplings used in oil - Hydraulic systems,1982,1982,exact
is.10105.1982.pdf,S13,IS 10105:1982,Specification for fittings for cylinder pressure indicators for internal combustion engines,1982,1982,exact
is.10117.2000.pdf,S10,IS 10117:2000,"Code of practice for passivation of stainless steel articles, industrial equipments and components including pipelines (First Revision)",2000,2000,exact
is.10121.1.1982.pdf,S09,IS 10121 (Part 1):1982,"Specification for metal bone screws – Mechanical requirements and methods of test Part 1 screws with asymmetrical thread, variable fitting (Spherical), Stainless Steel",1982,1982,exact
is.10121.2.1982.pdf,S09,IS 10121 (Part 2):1982,"Specification for metal bone screws - Mechanical requirements and methods of test Part 2 screws with asymmetrical thread, constant fitting (Spherical), stainless steel",1982,1982,exact
is.10123.1982.pdf,S08,IS 10123:1982,Data sheet for shell and tube type heat exchangers,1982,1982,exact
is.10124.1.2009.pdf,S03,IS 10124 (Part 1):2009,Fabricated PVC-U Fittings for Potable Water Supplies - Specification: Part 1 General Requirements (Second Revision),2009,2009,exact
is.10124.10.2009.pdf,S03,IS 10124 (Part 10):2009,Fabricated PVC-U Fittings for Potable Water Supplies - Specification: Part 10 Specific Requirements for 45 Degree Bends (Second Revision),2009,2009,exact
is.10124.11.2009.pdf,S03,IS 10124 (Part 11):2009,Fabricated PVC-U Fittings for Potable Water Supplies - Specification: Part 11 Specific Requirements for 30 Degree Bends (Second Revision),2009,2009,exact
is.10124.12.2009.pdf,S03,IS 10124 (Part 12):2009,Fabricated PVC-U Fittings for Potable Water Supplies - Specification: Part 12 Specific Requirements for 22½ Degree Bends (Second Revision),2009,2009,exact
is.10124.13.2009.pdf,S03,IS 10124 (Part 13):2009,Fabricated PVC-U Fittings for Potable Water Supplies - Specification Part 13 Specific Requirements for 11¼oBends PART 12 SPECIFIC REQUIREMENTS FOR 22 ½o BENDS,2009,2009,exact
is.10124.2.2009.pdf,S03,IS 10124 (Part 2):2009,Fabricated PVC-U Fittings for Potable Water Supplies - Specification: Part 2 Specific Requirements for Sockets (Second Revision),2009,2009,exact
is.10124.3.2009.pdf,S03,IS 10124 (Part 3):2009,Fabricated PVC-U Fittings for Potable Water Supplies - Specification: Part 3 Specific Requirements for Straight Reducers (Second Revision),2009,2009,exact
is.10124.4.2009.pdf,S03,IS 10124 (Part 4):2009,Fabricated PVC-U Fittings for Potable Water Supplies - Specification: Part 4 Specific Requirements for Caps (Second Revision),2009,2009,exact
is.10124.5.2009.pdf,S03,IS 10124 (Part 5):2009,Fabricated PVC-U Fittings for Potable Water Supplies - Specification: Part 5 Specific Requirements for Equal Tees (Second Revision),2009,2009,exact
is.10124.6.2009.pdf,S03,IS 10124 (Part 6):2009,Fabricated PVC-U Fittings for Potable Water Supplies - Specification: Part 6 Specific Requirements for Flanged Tail Pieces with Metallic Flanges (Second Revision),2009,2009,exact
is.10124.7.2009.pdf,S03,IS 10124 (Part 7):2009,Fabricated PVC-U Fittings for Potable Water Supplies - Specification: Part 7 Specific Requirements for Threaded Adaptors (Second Revision),2009,2009,exact
is.10124.8.2009.pdf,S03,IS 10124 (Part 8):2009,Fabricated PVC-U Fittings for Potable Water Supplies - Specification: Part 8 Specific Requirements for 90 Degree Bends (Second Revision),2009,2009,exact
is.10124.9.2009.pdf,S03,IS 10124 (Part 9):2009,Fabricated PVC-U Fittings for Potable Water Supplies - Specification: Part 9 Specific Requirements for 60 Degree Bends (Second Revision),2009,2009,exact
is.10130.1992.pdf,S11,IS 10130:1992,Vulcanized vegetableoils (Factice) for rubber industry - Specification (First Revision),1992,1992,exact
is.10133.1982.pdf,S02,IS 10133:1982,Specification for glass bottles - Dimensional relationships and tolerances,1982,1982,exact
is.10146.1982.pdf,S11,IS 10146:1982,"Specification for polyethylene for its safe use in contact with foodstuffs, pharmaceuticals and drinking water",1982,1982,exact
is.10149.1982.pdf,S11,IS 10149:1982,"Positive list of constituents of styrene polymers in contact with foodstuffs, pharmaceuticals and drinking water",1982,1982,exact
is.1015.2000.pdf,S02,IS 1015:2000,Leather pump buckets and seat valves made from vegetable taned leather - Specification (Second Revision),2000,2000,exact
is.10171.1999.pdf,S11,IS 10171:1999,Guide on suitability of plastics for food packaging (Second Revision),1999,1999,exact
is.10181.1982.pdf,S10,IS 10181:1982,Method for determination of magnetic permeability of iron and steel,1982,1982,exact
is.10192.1982.pdf,S05,IS 10192:1982,Specification for synthetic resin bonded glass fibre (SRBGF) for electrical purposes,1982,1982,exact
is.10198.1982.pdf,S01,IS 10198:1982,"Specification for carbon steel, safety razor blades",1982,1982,exact
is.10206.1982.pdf,S10,IS 10206:1982,Methods of sampling steel wires,1982,1982,exact
is.10216.1988.pdf,S01,IS 10216:1988,Pipe threads where pressure - Tight joints are not made on the threads - Verification by means of limit gauges (First Revision),1988,1988,exact
is.10221.2008.pdf,S10,IS 10221:2008,Coating and wrapping of underground mild steel pipelines - Code of practice (First Revision),2008,2008,exact
is.10226.1.1982.pdf,S06,IS 10226 (Part 1):1982,Method for determination of crude fibre content in - food products: Part 1 general method,1982,1982,exact
is.10226.2.1982.pdf,S06,IS 10226 (Part 2):1982,Method for determination of crude fibre content in food products: Part 2 modified scharrer method,1982,1982,exact
is.10228.1982.pdf,S11,IS 10228:1982,Specification for school bag,1982,1982,exact
is.10236.6.1982.pdf,S01,IS 10236 (Part 6):1982,Procedure for basic climatic and durability tests for optical instruments: Part 6 salt mist test,1982,1982,exact
is.10238.2001.pdf,S01,IS 10238:2001,Fasteners - Threaded steel fasteners - Step bolts for steel structures - Specification (First Revision),2001,2001,exact
is.10245.1.1996.pdf,S02,IS 10245 (Part 1):1996,Breathing Apparatus: Part 1 closed circuit breathing apparatus (Compressed Oxygen Cylinder) - Specification (First Revision),1996,1996,exact
is.10248.1.2011.pdf,S01,IS 10248 (Part 1):2011,Parallel pins with internal thread: Part 1 unhardened steel and austenitic stainless steel (First Revision),2011,2011,exact
is.10248.2.2011.pdf,S01,IS 10248 (Part 2):2011,Parallel pins with internal thread: Part 2 hardened steel and martensitic stainless steel (First Revision),2011,2011,exact
is.10261.1982.pdf,S03,IS 10261:1982,Requirements for settling tank (Clarifier Equipment) for waste water treatment,1982,1982,exact
is.1029.1970.pdf,S10,IS 1029:1970,Specification for hot-rolled steel strip (Baling) (First Revision),1970,1970,exact
is.10291.1982.pdf,S03,IS 10291:1982,Safety code for dress divers in civil engineering works,1982,1982,exact
is.10292.1988.pdf,S10,IS 10292:1988,Specification for dimensional reooirements for rubber sealing rings for C.I.D joints in asbestos cement piping (First Revision),1988,1988,exact
is.10299.1982.pdf,S10,IS 10299:1982,Specification for cast iron saddle pieces for service connection from asbestos cement pressure pipes,1982,1982,exact
is.1030.1998.pdf,S10,IS 1030:1998,Carbon steel castings for general engineering purposes - Specification (Fifth Revision),1998,1998,exact
is.10312.1982.pdf,S13,IS 10312:1982,Safety code for powered tow trucks,1982,1982,exact
is.10313.1982.pdf,S03,IS 10313:1982,Requirements for settling tank (clarifier equipment) for water treatment plant,1982,1982,exact
is.10325.2000.pdf,S10,IS 10325:2000,"Square tins -- 15 kg/litre for ghee, vanaspati, edible oils and bakery shortenings -- Specification (Second Revision)",2000,2000,exact
is.10333.1982.pdf,S05,IS 10333:1982,Specification for epoxy resin systems for cast resin insulated power and control cable joints and terminations up to and including 11 kV,1982,1982,exact
is.10339.2000.pdf,S10,IS 10339:2000,"Ghee, vanaspati, edible oil tins up to 10 kg/litre capacity -- Specification (Second Revision)",2000,2000,exact
is.10343.1999.pdf,S10,IS 10343:1999,Carbon and low alloy steel investment castings for general applications - Specification (Second Revision),1999,1999,exact
is.10345.2004.pdf,S10,IS 10345:2004,Flux grade limestone for use in iron and steel making - Specification (Second Revision),2004,2004,exact
is.10373.1982.pdf,S02,IS 10373:1982,Specification for plastic boxes for safety matches,1982,1982,exact
is.1038.1983.pdf,S03,IS 1038:1983,"Specification For Steel Doors, Windows And Ventilators",1983,1983,exact
is.10380.1982.pdf,S02,IS 10380:1982,Methods of test for printing ink permeation of paper (Castor Oil Test),1982,1982,exact
is.10382.1982.pdf,S06,IS 10382:1982,Specification for edible egg albumen powder,1982,1982,exact
is.10386.10.1983.pdf,S14,IS 10386 (Part 10):1983,"Safety code for construction, operation and maintenance of river valley projects: Part 10 Storage, handling, detection and safety measures for gases, chemicals and flammable liquids",1983,1983,exact
is.10386.9.1998.pdf,S14,IS 10386 (Part 9):1998,Safety codefo roperationand maintenance of river valley projects: Part 9 canals and cross drainage works,1998,1998,exact
is.10388.1982.pdf,S03,IS 10388:1982,Corrugated coir wood wool cement roofing sheets-Specification,1982,1982,exact
is.10410.1983.pdf,S01,IS 10410:1983,Specification for lock nuts for bulk head coupling assembly for oil - Hydraulic systems,1983,1983,exact
is.10417.1983.pdf,S01,IS 10417:1983,Specification for equal cross coupling assembly for oil - Hydraulic systems,1983,1983,exact
is.10433.2.2002.pdf,S01,IS 10433 (Part 2):2002,Male stud tee body (Stud Run) for oil - Hydraulic couplings - Specification: Part 2 made from bar stock (First Revision),2002,2002,exact
is.10434.2.1996.pdf,S14,IS 10434 (Part 2):1996,"Guidelines for installation, maintenance and observation of preformation measuring devices in concrete and mas - Onry dams: Part 2 vibrating, wire type jointmeter",1996,1996,exact
is.10446.1983.pdf,S03,IS 10446:1983,Glossary of terms relating to water supply and sanitation,1983,1983,exact
is.10447.1983.pdf,S02,IS 10447:1983,Guidelines for Utilization and Disposal of Solid Wastes from Integrated Steel Plants,1983,1983,exact
is.10451.1983.pdf,S03,IS 10451:1983,Specification for steel sliding shutters (Top Hung Type),1983,1983,exact
is.10460.1983.pdf,S03,IS 10460:1983,FUNCTIONAL REQUIREMENTS FOR SMALL FOAM TENDER FOR FIRE BRIGADE USE,1983,1983,exact
is.10476.1983.pdf,S12,IS 10476:1983,Specification for woven roving glass fabric for polyester - glass laminates for aerospace purposes,1983,1983,exact
is.10489.1983.pdf,S01,IS 10489:1983,Specification for steel dresser for abrasive wheels,1983,1983,exact
is.10492.1983.pdf,S13,IS 10492:1983,General requirements and testing of anchor cable stoppers,1983,1983,exact
is.10500.2012.pdf,S06,IS 10500:2012,Drinking Water - Specification (Second Revision),2012,2012,exact
is.10514.1983.pdf,S01,IS 10514:1983,Specification for split taper socket for tools with parallel shank and driving tenon,1983,1983,exact
is.10522.1983.pdf,S11,IS 10522:1983,Specification for antiwear hydraulic oil,1983,1983,exact
is.10526.1996.pdf,S13,IS 10526:1996,Inland Vessels - Fire - Fighting water system - Pressures (First Revision),1996,1996,exact
is.10533.1983.pdf,S13,IS 10533:1983,Specification for valve guides for internal combustion engines,1983,1983,exact
is.10551.2005.pdf,S10,IS 10551:2005,Zircon mullite refractories for glass furnace applications - Specification (First Revision),2005,2005,exact
is.10553.1.1983.pdf,S03,IS 10553 (Part 1):1983,"Requirements for chlorination equipment: Part I General guidelines for chlorination plants including handling, storage and safety of chlorine cylinders and drums",1983,1983,exact
is.10573.1983.pdf,S01,IS 10573:1983,Specification for oil sight glass for machine tools,1983,1983,exact
is.10590.1983.pdf,S12,IS 10590:1983,Code of practice for manual bleaching and processing of cotton knitted fabric,1983,1983,exact
is.10597.1983.pdf,S06,IS 10597:1983,Specification for soluble starch phosphate (Edible Grade),1983,1983,exact
is.10604.1.1983.pdf,S10,IS 10604 (Part 1):1983,Specification for machining allowances and tolerances for open die steel forgings: Part 1 carbon and low alloy steel forgings: Part 1 carbon and low alloy steel forgings,1983,1983,exact
is.10604.2.1983.pdf,S10,IS 10604 (Part 2):1983,Machining allowances and tolerances for open die steel forgings: Part 2 high alloy steel forgings,1983,1983,exact
is.10605.1989.pdf,S08,IS 10605:1989,"Steel globe valves (Flanged And Butt Welded Ends) for petroleum, petrochemical and allied industries - Specification (First Revision)",1989,1989,exact
is.10629.1983.pdf,S06,IS 10629:1983,"Methods for determination of aldicarb residues in crops, soil and water",1983,1983,exact
is.1063.1997.pdf,S13,IS 1063:1997,Automotive vehicles - Ml4 x 1.25 spark plugs with flat seating and their cylinder head housing - Specification (Second Revision),1997,1997,exact
is.10631.1983.pdf,S10,IS 10631:1983,Specification for stainless steel for welding electrode core wire,1983,1983,exact
is.10663.2003.pdf,S09,IS 10663:2003,Dental rotary instruments - Steel and carbide burs (First Revision),2003,2003,exact
is.10674.1983.pdf,S12,IS 10674:1983,"Bag, sleeping, kapok-filled",1983,1983,exact
is.10682.1983.pdf,S13,IS 10682:1983,"Specification for aircraft safety belts, lap type",1983,1983,exact
is.10685.1983.pdf,S01,IS 10685:1983,Specification for gauging members for go and no go screw plug gauges and screw check plug gauges for ISO metric screw threads (Size Range Above M120 up to and including M200),1983,1983,exact
is.10746.1.1983.pdf,S13,IS 10746 (Part 1):1983,Specification for shell and tube type marine heat exchangers: Part 1 application standard,1983,1983,exact
is.10746.2.1983.pdf,S13,IS 10746 (Part 2):1983,Specification for shell and tube type marine heat exchangers: Part 2 general requirements,1983,1983,exact
is.10760.1983.pdf,S06,IS 10760:1983,Specification for mussels canned in oil,1983,1983,exact
is.10770.1984.pdf,S06,IS 10770:1984,Specification for beaten rice,1984,1984,exact
is.10774.1993.pdf,S10,IS 10774:1993,Corrosion resistant high alloy steel and nickel base investment castings for general application - Specification (First Revision),1993,1993,exact
is.10790.1.1984.pdf,S03,IS 10790 (Part 1):1984,Methods of Sampling of Steel for Prestressed and Reinforced Concrete: Part 1 Prestressing Steel,1984,1984,exact
is.10790.2.1984.pdf,S03,IS 10790 (Part 2):1984,Methods of Sampling of Steel for Prestressed and Reinforced Concrete: Part 2 Reinforcing Steel,1984,1984,exact
is.10791.1983.pdf,S13,IS 10791:1983,Specification for control cable assembly for mopeds,1983,1983,exact
is.10794.1984.pdf,S10,IS 10794:1984,Specification for mild steel wire for cotter pins,1984,1984,exact
is.1081.1960.pdf,S03,IS 1081:1960,"Code of practice for fixing and glazing of metal (Steel And Aluminium) doors, windows and ventilators",1960,1960,exact
is.10810.24.1984.pdf,S05,IS 10810 (Part 24):1984,Methods of test for cables: Part 24 water soluble impurities test of insulating paper,1984,1984,exact
is.10810.25.1984.pdf,S05,IS 10810 (Part 25):1984,Methods of test for cables: Part 25 conductivity of water extract test of insulating paper,1984,1984,exact
is.10810.26.1984.pdf,S05,IS 10810 (Part 26):1984,Methods of test for cables: Part 26 PH value of water extract test of insulating paper,1984,1984,exact
is.10810.28.1984.pdf,S05,IS 10810 (Part 28):1984,Methods of test for cables: Part 28 water absorption test (Electrical),1984,1984,exact
is.10810.31.1984.pdf,S05,IS 10810 (Part 31):1984,Methods of test for cables: Part 31 oil resistance test,1984,1984,exact
is.10810.33.1984.pdf,S05,IS 10810 (Part 33):1984,Methods of test for cables: Part 33 water absorption test (Gravimetric),1984,1984,exact
is.10810.38.1984.pdf,S05,IS 10810 (Part 38):1984,Methods of test for cables: Part 38 torsion test on galvanized steel wires for armouring,1984,1984,exact
is.10810.40.1984.pdf,S05,IS 10810 (Part 40):1984,Methods of test for cables: Part 40 uniformity of zinc coating on steel armour,1984,1984,exact
is.10810.41.1984.pdf,S05,IS 10810 (Part 41):1984,Methods of test for cables: Part 41 mass of zinc coating on steel armour,1984,1984,exact
is.10810.63.1993.pdf,S05,IS 10810 (Part 63):1993,Method of tests for cables: Part 63 measurement of smoke density of electric cables under fire conditions,1993,1993,exact
is.10815.1984.pdf,S11,IS 10815:1984,Code of practice for the application of adhesives in footwear industry,1984,1984,exact
is.10845.1984.pdf,S02,IS 10845:1984,"Specification for bag, pilot",1984,1984,exact
is.10850.1984.pdf,S03,IS 10850:1984,Specification for apparatus for Measurement of Water Retentivity of Masonry Cement,1984,1984,exact
is.10870.1984.pdf,S02,IS 10870:1984,Code of Safety for Hexane,1984,1984,exact
is.10871.1984.pdf,S02,IS 10871:1984,Code of Safety for Hydrzine and Hydrazine Hydrate,1984,1984,exact
is.10883.1984.pdf,S01,IS 10883:1984,Specification for single wheel type pipe cutters,1984,1984,exact
is.10887.2001.pdf,S08,IS 10887:2001,Steel wire ropes for winches and ropeways used in forestry and agriculture - Specification (First Revision),2001,2001,exact
is.10890.1984.pdf,S03,IS 10890:1984,Specification for Planetary Mixer used in tests of Cement and Pozzolana,1984,1984,exact
is.10907.1984.pdf,S06,IS 10907:1984,Code for Design of Farm Drainage Tile or Pipe System,1984,1984,exact
is.10910.1984.pdf,S11,IS 10910:1984,"Specification for polypropylene and its copolymers for its safe use in contact with foodstuffs, pharmaceuticals and drinking water",1984,1984,exact
is.10920.1984.pdf,S02,IS 10920:1984,Code of Safety for Phosphorus Trichloride,1984,1984,exact
is.10945.1984.pdf,S02,IS 10945:1984,Specification for shanks for footwear,1984,1984,exact
is.10961.1.1988.pdf,S04,IS 10961 (Part 1):1988,Diagnostic X-ray Tube With Rotating Anode: Part 1 Type Dra 1,1988,1988,exact
is.10961.2.1984.pdf,S04,IS 10961 (Part 2):1984,Diagnostic X-ray Tube With Rotating Anode: Part 2 Type Dra 2,1984,1984,exact
is.10961.3.1984.pdf,S04,IS 10961 (Part 3):1984,Diagnostic X-ray Tube With Rotating Anode: Part 3 Type Dra 3,1984,1984,exact
is.10961.4.1984.pdf,S04,IS 10961 (Part 4):1984,Diagnostic X-ray Tube With Rotating Anode: Part 4 Type Dra 4,1984,1984,exact
is.10961.5.1984.pdf,S04,IS 10961 (Part 5):1984,Diagnostic X-ray Tube With Rotating Anode: Part 5 Type Dra 5,1984,1984,exact
is.10965.1984.pdf,S13,IS 10965:1984,Specification for valves for aircraft tyre tubes,1984,1984,exact
is.10966.1984.pdf,S13,IS 10966:1984,Dimensions of valve stem of aircraft tyre tube valves,1984,1984,exact
is.10974.1.1984.pdf,S06,IS 10974 (Part 1):1984,"Code for hygienic conditions for production, transport, storage and distribution of 5 milk products: Part 1 khoa and khoa based sweets",1984,1984,exact
is.10974.2.1984.pdf,S06,IS 10974 (Part 2):1984,"Code for hygienic conditions for production, transport, storage and distribution of 5 milk products: Part 2 dahi",1984,1984,exact
is.10974.3.1984.pdf,S06,IS 10974 (Part 3):1984,"Code for hygienic conditions for production, transport, storage and distribution of 5 milk products: Part 3 coagulated products chhana and chhana based sweetmeats",1984,1984,exact
is.10974.4.1984.pdf,S06,IS 10974 (Part 4):1984,"Code for hygienic conditions for production, transport, storage and distribution of 5 milk products: Part 4 frozen products",1984,1984,exact
is.10974.5.1984.pdf,S06,IS 10974 (Part 5):1984,"Code For Hygienic Conditions For Production, Transport, Storage And Distribution Of Indigenous Milk Products: Part 5 Fermented Products Shrikhand",1984,1984,exact
is.10978.1984.pdf,S01,IS 10978:1984,Specification for welding coupling assembly for oil - Hydraulic systems,1984,1984,exact
is.10989.1984.pdf,S08,IS 10989:1984,"Specification for cast or forged steel check valves (Flanged Or Butt Welding Ends) for petroleum, petrochemicals, chemicals and allied industries",1984,1984,exact
is.10993.1984.pdf,S03,IS 10993:1984,Functional requirements for 2000 kg dry powder tender for fire brigade use,1984,1984,exact
is.11001.1984.pdf,S11,IS 11001:1984,Specification for double centrifuged natural rubber latex,1984,1984,exact
is.11008.1984.pdf,S06,IS 11008:1984,Specification for methabenzthiazuron water dispersible powder concentrates,1984,1984,exact
is.11016.1984.pdf,S01,IS 11016:1984,General safety requirements for machine tools and their operation,1984,1984,exact
is.11020.1984.pdf,S06,IS 11020:1984,"Methods for determination of carbofuran residues in crops, soil and water",1984,1984,exact
is.11021.2004.pdf,S06,IS 11021:2004,Methods for determination of dimethoate residues in food commodities (First Revision),2004,2004,exact
is.11057.1984.pdf,S12,IS 11057:1984,Specification for industrial safety nets,1984,1984,exact
is.1106.1986.pdf,S02,IS 1106:1986,Specification for distilled water glass bottles (First Revision),1986,1986,exact
is.1107.1986.pdf,S02,IS 1107:1986,"Specification for aerated water glass bottles, crown finish type (Second Revision)",1986,1986,exact
is.11077.1984.pdf,S06,IS 11077:1984,Glossary of Terms on Soil and Water,1984,1984,exact
is.11083.1984.pdf,S10,IS 11083:1984,Method for evaluation of friction and wear properties of materials against steel surface,1984,1984,exact
is.11101.1984.pdf,S03,IS 11101:1984,Specification for extended branch pipe for fire brigade use,1984,1984,exact
is.11108.1984.pdf,S03,IS 11108:1984,Specification for portable fire extinguishers - Halon 1211 type,1984,1984,exact
is.1112.1.1989.pdf,S02,IS 1112 (Part 1):1989,Glass shells for general lighting service lamps: Part 1 - 60 to 80 mm shell diameter (Second Revision),1989,1989,exact
is.1112.2.1989.pdf,S02,IS 1112 (Part 2):1989,Glass shells for general lighting service lamps - Specification: Part 2 81 to 130 mm shell diameter (Second Revision),1989,1989,exact
is.11141.1984.pdf,S02,IS 11141:1984,Code of Safety for Acrylonitrile,1984,1984,exact
is.11143.1984.pdf,S01,IS 11143:1984,Specification for ground high speed steel tool bits,1984,1984,exact
is.1115.1986.pdf,S11,IS 1115:1986,"Specification for general purpose cutting oil, soluble (Second Revision)",1986,1986,exact
is.1116.1994.pdf,S02,IS 1116:1994,Glass globes for hurricane lanterns - Specification (First Revision),1994,1994,exact
is.11166.1993.pdf,S10,IS 11166:1993,"Permissible deviation on dimensions, surface roughness and mass of steel castings made with investment casting process (First Revision)",1993,1993,exact
is.11185.1984.pdf,S10,IS 11185:1984,Specification for technical supply conditions for hot rolled and forged steel bars for use in machine tool industry,1984,1984,exact
is.11206.1984.pdf,S12,IS 11206:1984,"Glossary of textile terms - Wool and other animal fibres, their processing and products",1984,1984,exact
is.11226.1993.pdf,S02,IS 11226:1993,Leather safety footwear having direct moulded rubber sole specification (First Revision),1993,1993,exact
is.11231.1985.pdf,S06,IS 11231:1985,Specification for milk bread,1985,1985,exact
is.11239.9.1988.pdf,S02,IS 11239 (Part 9):1988,Methods of test for rigid cellular thermal insulation materials: Part 9 water absorption,1988,1988,exact
is.1124.1974.pdf,S03,IS 1124:1974,"Method of test for determination of water absorption, apparent specific gravity and porosity of natural building stones",1974,1974,exact
is.11246.1992.pdf,S03,IS 11246:1992,Glass fibre reinforced polyester resin (GRP) squatting pans - Specification (First Revision),1992,1992,exact
is.11262.1985.pdf,S03,IS 11262:1985,Specification for Calorimeter for Determination of Heat of Hydration of Hydraulic Cement,1985,1985,exact
is.11263.1985.pdf,S03,IS 11263:1985,Specification for Cylinder Measures for Determination of Air Content of Hydraulic Cement Mortar,1985,1985,exact
is.11264.1985.pdf,S02,IS 11264:1985,Code of practice for manufacture of safety rubber canvas footwear for miners,1985,1985,exact
is.11281.2005.pdf,S10,IS 11281:2005,Manganese ore for use in iron and steel making (First Revision),2005,2005,exact
is.11284.1985.pdf,S10,IS 11284:1985,Rotary tube test for iron bearing materials for the manufacture of sponge iron/direct reduced iron(DRI),1985,1985,exact
is.11298.1.1985.pdf,S05,IS 11298 (Part 1):1985,Specification for plastic films for electrical purposes: Part 1 definitions and general requirements,1985,1985,exact
is.11301.1985.pdf,S06,IS 11301:1985,Methods for determination of phosalone residues in food commodities,1985,1985,exact
is.11304.1985.pdf,S02,IS 11304:1985,Code of Practice for Control of Air Pollution in Iron and Steel Plants,1985,1985,exact
is.11339.1985.pdf,S13,IS 11339:1985,Dimensions for couplings for oil and fuel reception for inland vessels,1985,1985,exact
is.11346.2002.pdf,S08,IS 11346:2002,Tests for agricultural and water supply pumps - Code of acceptance (First Revision),2002,2002,exact
is.11367.1985.pdf,S12,IS 11367:1985,Glossary of terms relating to textile materials for aerospace purposes,1985,1985,exact
is.11368.1.1985.pdf,S10,IS 11368 (Part 1):1985,Comparison of indian and overseas classification and coding of welding filler materials: Part 1 flux coated mild steel and medium tensile steel stick electrodes for manual metal - Arc welding,1985,1985,exact
is.11369.1985.pdf,S02,IS 11369:1985,Specification for glass honey jars,1985,1985,exact
is.11383.1985.pdf,S09,IS 11383:1985,Specification for thin walled glass capillary pipettes,1985,1985,exact
is.11394.1985.pdf,S09,IS 11394:1985,"Specification for pliers, distal end cutting, with safety hold, dental",1985,1985,exact
is.11422.2001.pdf,S13,IS 11422:2001,Terms and definitions of weights of two wheeled motor vehicles (First Revision),2001,2001,exact
is.1143.1973.pdf,S12,IS 1143:1973,"Specification for cotton mosquito netting, square mesh (first revision)",1973,1973,exact
is.11432.2002.pdf,S13,IS 11432:2002,Terms and definitions of dimensions of two wheeled motor vehicles (First Revision),2002,2002,exact
is.11451.1986.pdf,S03,IS 11451:1986,Recommendations for safety and health requirements relating to occupational exposure to asbestos,1986,1986,exact
is.11457.1.1985.pdf,S03,IS 11457 (Part 1):1985,Code of practice for fire safety of chemical industries: Part 1 rubber and plastic,1985,1985,exact
is.11460.1985.pdf,S03,IS 11460:1985,Code of practice for fire safety of libraries and archives,1985,1985,exact
is.11470.1985.pdf,S11,IS 11470:1985,Specification for coconut oil for cosmetic industry,1985,1985,exact
is.1148.2009.pdf,S10,IS 1148:2009,Steel Rivet Bars (medium And High Tensile)--For Structural Purposes--For Structural Purposes,2009,2009,exact
is.11490.1985.pdf,S02,IS 11490:1985,Methods of radiological test for water,1985,1985,exact
is.11524.1986.pdf,S01,IS 11524:1986,Specification for carbide mandrels for tube drawing dies,1986,1986,exact
is.11537.1985.pdf,S05,IS 11537:1985,Specification for centrifugal switch for single - Phase induction motors,1985,1985,exact
is.11581.1986.pdf,S06,IS 11581:1986,Specification for edible cottonseed flour prepared by liquid cyclone process,1986,1986,exact
is.11585.2009.pdf,S06,IS 11585:2009,"Insulated Stainless Steel Silos for milk storage capacity 30, 40, 60 and 100 kilo litres — Specification (First Revision)",2009,2009,exact
is.11601.2002.pdf,S02,IS 11601:2002,Methods of safety evaluation of synthetic detergents - Tests for skin irritation and sensitization potential of synthetic detergents (First Revision),2002,2002,exact
is.11604.1986.pdf,S06,IS 11604:1986,Specification for woven (Mesh) type supporting screens for continuous centrifugal machines used in sugar industry,1986,1986,exact
is.11622.1986.pdf,S06,IS 11622:1986,Method for determination of total solids content in condensed milk,1986,1986,exact
is.11626.2005.pdf,S10,IS 11626:2005,Recommended practice for ultrasonic testing and acceptance for plain carbon and low alloy forging quality steel blooms (First Revision),2005,2005,exact
is.11630.2005.pdf,S10,IS 11630:2005,Method for ultrasonic testing of steel plates for pressure vessels and special applications (First Revision),2005,2005,exact
is.11655.1986.pdf,S10,IS 11655:1986,Procedure for stray flux testing of ferrous magnetic seamless steel tubular products,1986,1986,exact
is.11656.1986.pdf,S11,IS 11656:1986,"Specification for antiwear hydraulic oil, extra heavy duty type",1986,1986,exact
is.11674.1986.pdf,S06,IS 11674:1986,Method for determination of residual solvesnt in oilseed flour and meals by modified pensky - Martens closed tester,1986,1986,exact
is.11682.1985.pdf,S03,IS 11682:1985,Criteria for design of rcc staging for overhead water tanks,1985,1985,exact
is.11686.1997.pdf,S06,IS 11686:1997,"Isopropyl alcohol, food grade - Specification (First Revision)",1997,1997,exact
is.11693.2006.pdf,S13,IS 11693:2006,Shipbuilding - Inland navigation - Cable - Lifters for stud - Link anchor chains (First Revision),2006,2006,exact
is.11699.1986.pdf,S08,IS 11699:1986,"Specification for steel plug valves for petroleum, petrochemical and allied industries",1986,1986,exact
is.11709.2007.pdf,S10,IS 11709:2007,Technical delivery conditions for investment castings of steel (Second Revision),2007,2007,exact
is.1172.1993.pdf,S03,IS 1172:1993,"Code of basic requirements for water supply, drainge and sanitation (Fourth Revision)",1993,1993,exact
is.11720.1.1986.pdf,S11,IS 11720 (Part 1):1986,Methods of test for synthetic rubber: Part 1 determination of antioxidants,1986,1986,exact
is.11720.11.2001.pdf,S11,IS 11720 (Part 11):2001,"Methods of test for synthetic rubber: Part 11 rubber, raw styrene - Butadiene - Determination of soap and organic - Acid content",2001,2001,exact
is.11720.13.2001.pdf,S11,IS 11720 (Part 13):2001,Methods of test for synthetic rubber: Part 13 determination of gel content,2001,2001,exact
is.11720.3.1993.pdf,S11,IS 11720 (Part 3):1993,Methods of test for synthetic rubber: Part 3 determination of mooney viscosity,1993,1993,exact
is.11720.4.1993.pdf,S11,IS 11720 (Part 4):1993,Methods of test for synthetic rubber: Part 4 determination of volatile matter,1993,1993,exact
is.11720.5.1993.pdf,S11,IS 11720 (Part 5):1993,Methods of test for synthetic rubber: Part 5 determination of ash,1993,1993,exact
is.11720.6.2001.pdf,S11,IS 11720 (Part 6):2001,Methods of test for synthetic rubber: Part 6 determination of solvent extract,2001,2001,exact
is.11732.1995.pdf,S10,IS 11732:1995,Acceptance standards for liquid penetrant inspection of steel casting (First Revision),1995,1995,exact
is.11737.1996.pdf,S08,IS 11737:1996,Industrial bag stitching machine - Specification (First Revision),1996,1996,exact
is.11748.1986.pdf,S06,IS 11748:1986,"Specification for meat extract (Beef), food grade",1986,1986,exact
is.11756.1986.pdf,S05,IS 11756:1986,Method of test for coefficients of friction of plastic film and sheeting for use as electrical insulation,1986,1986,exact
is.11758.1994.pdf,S10,IS 11758:1994,Precipitation hardening stainless steel castings - Specification (First Revision),1994,1994,exact
is.11764.2005.pdf,S06,IS 11764:2005,Sweetened condensed determination of sucrose milk - Content - Polarimetric method (First Revision),2005,2005,exact
is.11766.1986.pdf,S06,IS 11766:1986,Method for determination of titratable acidity in milk powder and similar products (Routine Method),1986,1986,exact
is.11769.1.1987.pdf,S03,IS 11769 (Part 1):1987,Guidelines for safe use of products containing asbestos: Part 1 asbestos cement products,1987,1987,exact
is.11769.3.1986.pdf,S03,IS 11769 (Part 3):1986,Guidelines For Safe Use Of Products Containing Asbestos: Part 3 Non-cement Asbestos Products Other Than Friction Materials,1986,1986,exact
is.11770.1.1987.pdf,S03,IS 11770 (Part 1):1987,Recommendations for control of emission of asbestos dust in premises manufacturing products containing asbestos: Part 1 asbestos cement products,1987,1987,exact
is.11770.3.1987.pdf,S03,IS 11770 (Part 3):1987,Recommendations For Control Of Emission Of Asbestos Dust In Premises Manufacturing Products Containing Asbestos: Part 3 Non-cement Asbestos Products Other Than Friction Materials,1987,1987,exact
is.11773.2003.pdf,S06,IS 11773:2003,Methods for determination of ethion residues in food commodities (First Revision),2003,2003,exact
is.11774.1986.pdf,S06,IS 11774:1986,Method for determination of dichlorvos residues in food commodities,1986,1986,exact
is.1178.1986.pdf,S12,IS 1178:1986,Specification for cotton filter cloth (second revision),1986,1986,exact
is.11813.1986.pdf,S12,IS 11813:1986,Method for determination of soil resistance and soil release efficiency of finished textile fabrics,1986,1986,exact
is.1182.1983.pdf,S10,IS 1182:1983,Recommended - Practice for radiographic examination of fusion welded butt joints in steel plates (Second Revision),1983,1983,exact
is.11833.1986.pdf,S03,IS 11833:1986,Specification For Dry Powder Fire Extinguisher For Metal Fires,1986,1986,exact
is.11842.1986.pdf,S01,IS 11842:1986,Specification for pvc/plastic hygienic belting,1986,1986,exact
is.11871.1986.pdf,S12,IS 11871:1986,Methods for determination of flammability and flame resistance of textile fabrics,1986,1986,exact
is.11874.1986.pdf,S01,IS 11874:1986,Specification for . hexagonal socket offset wrenches,1986,1986,exact
is.11884.1986.pdf,S11,IS 11884:1986,Specification for Fire - Resistant Brattice Sheeting Made from Unsupported Plastics,1986,1986,exact
is.11906.1986.pdf,S03,IS 11906:1986,Recommendations for cement - Mortar lining for cast - Iron mild steel and ductile - Iron pipes and fittings for transportation of water,1986,1986,exact
is.11911.1986.pdf,S06,IS 11911:1986,"Specification for caffeine, food grade",1986,1986,exact
is.11912.1986.pdf,S06,IS 11912:1986,"Specification for lime oil, distilled, food grade",1986,1986,exact
is.11915.1986.pdf,S12,IS 11915:1986,Specification for nylon fabric for making mountaineering equipment,1986,1986,exact
is.1194.1960.pdf,S14,IS 1194:1960,Forms for recording measurement of flow of water in open channels,1960,1960,exact
is.11942.1986.pdf,S06,IS 11942:1986,Recommendations for Gaushala and Other Organized Milk Producers,1986,1986,exact
is.1197.1970.pdf,S03,IS 1197:1970,Code of practice for laying of rubber floors (First Revision),1970,1970,exact
is.11972.1987.pdf,S03,IS 11972:1987,Code of practice for safety precautions to be taken when entering a sewerage system,1987,1987,exact
is.11984.1986.pdf,S02,IS 11984:1986,Specification for glass bottles for free flowing liquids,1986,1986,exact
is.11985.1987.pdf,S02,IS 11985:1987,Specification for glass jars for pickles,1987,1987,exact
is.11986.2003.pdf,S12,IS 11986:2003,Industrial Textiles - Cotton backing cloth for abrasives - Specification (first revision),2003,2003,exact
is.1200.16.1979.pdf,S03,IS 1200 (Part 16):1979,Methods of measurement of building and civil engineering works: Part 16 laying of water and sewer lines including appurtenant items (Third Revision),1979,1979,exact
is.1200.19.1981.pdf,S03,IS 1200 (Part 19):1981,"Method of measurement of building and civil engineering works: Part 19 water supply, plumbing and drains",1981,1981,exact
is.1200.20.1981.pdf,S03,IS 1200 (Part 20):1981,Method of measurement of building and civil engineering works: Part 20 laying of gas and oil pipe lines (Third Revision),1981,1981,exact
is.12009.1995.pdf,S13,IS 12009:1995,Automotive vehicle - Safety requirements for side door of passenger cars - Recommendations (First Revision),1995,1995,exact
is.12033.1986.pdf,S02,IS 12033:1986,Code of Safety for Dinitrotoluene (Dnt),1986,1986,exact
is.12034.1986.pdf,S02,IS 12034:1986,Code of Safety for Methyl Bromide,1986,1986,exact
is.12035.1986.pdf,S02,IS 12035:1986,Code of Safety in Microbiological Laboratories,1986,1986,exact
is.12047.1987.pdf,S06,IS 12047:1987,"Specification for Oil Seed Cookers / kettles, Horizontal Type",1987,1987,exact
is.12052.2007.pdf,S10,IS 12052:2007,Method of determination of re-oxidation rate of sponge iron/direct reduced iron (DRI) in contact with humid air and in direct contact with water (First Revision),2007,2007,exact
is.12056.1987.pdf,S13,IS 12056:1987,Recommendations for safety requirements for fuel tank assembly of automotive vehicles,1987,1987,exact
is.12068.1987.pdf,S06,IS 12068:1987,Specification for rice bran fatty acids,1987,1987,exact
is.12089.1987.pdf,S03,IS 12089:1987,Specification for Granulated Slag for the Manufacture Portland Slag Cement,1987,1987,exact
is.12093.1987.pdf,S03,IS 12093:1987,Code of Practice for Laying and Fixing of Sloped Roof Coverings Using Plain and Corrugated Galvanized Steel Sheets,1987,1987,exact
is.12096.1987.pdf,S01,IS 12096:1987,Specification for hexagon socket screw plugs with parallel screw threads for fluid power system,1987,1987,exact
is.12100.1987.pdf,S12,IS 12100:1987,Specification for high density polyethylene (HDPE) woven sacks for packing flour,1987,1987,exact
is.12115.1.1987.pdf,S13,IS 12115 (Part 1):1987,Specification for couplings for disposal of sewage water for inland vessels: Part 1 flange coupling,1987,1987,exact
is.12115.2.1987.pdf,S13,IS 12115 (Part 2):1987,Specification for couplings for disposal of sewage water for inland vessels: Part 2 quick - Release couplings,1987,1987,exact
is.12115.3.1987.pdf,S13,IS 12115 (Part 3):1987,Specification for couplings for disposal of sewage water for inland vessels: Part 3 adapters (Flange/end Piece),1987,1987,exact
is.12115.4.1987.pdf,S13,IS 12115 (Part 4):1987,Specification for couplings for disposal of sewage water for inland vessels: Part 4 adapters (Flange/bush),1987,1987,exact
is.12116.1.1987.pdf,S01,IS 12116 (Part 1):1987,Specification for hexagon head taper plugs for oil hydraulic systems: Part 1 made from forgings,1987,1987,exact
is.12141.1987.pdf,S02,IS 12141:1987,Code of Safety for Methyl Ethyl Ketone,1987,1987,exact
is.12142.1987.pdf,S02,IS 12142:1987,"Code of Safety for 1,1,1 - Trichloro Ethane",1987,1987,exact
is.12143.1987.pdf,S02,IS 12143:1987,Code of Safety for Tetrachloroethane,1987,1987,exact
is.12144.1987.pdf,S10,IS 12144:1987,Specification for fine silver wire for electrical contacts,1987,1987,exact
is.12145.1987.pdf,S10,IS 12145:1987,Specification for quenched and tempered alloy steel forgings for pressure vessels,1987,1987,exact
is.12146.1987.pdf,S10,IS 12146:1987,Specification for carbon manganese steel forgings for pressure vessels,1987,1987,exact
is.12170.1987.pdf,S12,IS 12170:1987,Method for determination of dimensional stability of textile fabric to dry heat,1987,1987,exact
is.12183.1.1987.pdf,S03,IS 12183 (Part 1):1987,Code of Practice for Plumbing in Multi-storeyed Buildings: Part 1 Water Supply,1987,1987,exact
is.12200.2001.pdf,S14,IS 12200:2001,Provision of water - Stops at transverse contraction joints in masonry and concrete dams - Code of practice (First Revision),2001,2001,exact
is.12202.1987.pdf,S08,IS 12202:1987,Glossary of terms relating to oil burning appliances (Pressure And Non - Pressure Type),1987,1987,exact
is.12214.1987.pdf,S08,IS 12214:1987,General requirements for rotary hose for water - Well drilling equipment,1987,1987,exact
is.1222.1992.pdf,S02,IS 1222:1992,"Ink, duplicating, for twin cylinder rotary machines - Specification (Third Revision)",1992,1992,exact
is.1223.2001.pdf,S06,IS 1223:2001,Apparatus for Determination of Milk Fat by Gerber Method – Specification (third revision),2001,2001,exact
is.12231.1987.pdf,S03,IS 12231:1987,Specification for Unplasticized PVC Pipes for Use in Suction and Delivery Lines of Agricultural Pump Sets,1987,1987,exact
is.12239.2.1999.pdf,S06,IS 12239 (Part 2):1999,Tractors and Machinery for Agriculture and Forestry - Technical Means for Ensuring Safety : Part 2 Tractors (First Revision),1999,1999,exact
is.12239.3.1988.pdf,S06,IS 12239 (Part 3):1988,Guide for Safety and Comfort of Operator of Agricultural Tractors and Power Tillers : Part 3 Requirements Relating to Power Tillers,1988,1988,exact
is.1224.1.1977.pdf,S06,IS 1224 (Part 1):1977,Determination of fat by the gerber method: Part 1 milk (First Revision),1977,1977,exact
is.1224.2.1977.pdf,S06,IS 1224 (Part 2):1977,Determination of fat by the gerber method: Part 2 milk products (First Revision),1977,1977,exact
is.12248.1988.pdf,S11,IS 12248:1988,"Positive list of constituents of nylon-6 polymer for its safe use in contact with foodstuffs, pharmaceuticals and drinking water",1988,1988,exact
is.12261.1987.pdf,S10,IS 12261:1987,Method for reverse torsion test for metallic wire,1987,1987,exact
is.12262.1988.pdf,S10,IS 12262:1988,Specification for trapezoidal steel wire for spring washers,1988,1988,exact
is.12273.1987.pdf,S08,IS 12273:1987,Specification for industrial oil fired burners,1987,1987,exact
is.12292.1988.pdf,S02,IS 12292:1988,Specification for lead suboxide (Lead Oxide) for lead - Acid storage battery,1988,1988,exact
is.12304.1987.pdf,S09,IS 12304:1987,Specification for Plastic Cervical Collar,1987,1987,exact
is.12317.1.1988.pdf,S05,IS 12317 (Part 1):1988,Specification for ceramic and glass insulating materials for telecommunication and allied purposes: Part 1 general requirements and classification of ceramic and glass insulating materials,1988,1988,exact
is.12322.1988.pdf,S01,IS 12322:1988,"Specification for circular screwing dies for taper pipe threads, R - Series",1988,1988,exact
is.12323.1988.pdf,S01,IS 12323:1988,"Specification for circular screwing dies for parallel pipe threads, G series",1988,1988,exact
is.12325.1988.pdf,S01,IS 12325:1988,Specification for circular screwing dies for ISO metric conduit pipe threads,1988,1988,exact
is.12330.1988.pdf,S03,IS 12330:1988,Specificatioon for Sulphate Resisting Portland Cement,1988,1988,exact
is.12335.1988.pdf,S06,IS 12335:1988,Method for determination of propoxur residues in food commodities,1988,1988,exact
is.12336.1988.pdf,S06,IS 12336:1988,Method for determination of diazinon residues in food commodities,1988,1988,exact
is.12349.1988.pdf,S03,IS 12349:1988,Fire protection-safety signs,1988,1988,exact
is.12352.1988.pdf,S13,IS 12352:1988,Specification for fuel injection pump mounting bolts,1988,1988,exact
is.12365.1988.pdf,S06,IS 12365:1988,Method for determination of chlorpyrifos residues in food commodities,1988,1988,exact
is.12367.1988.pdf,S10,IS 12367:1988,Specification for cold - Rolled carbon steel strips/coils for manufacture of welded tubes,1988,1988,exact
is.1237.2012.pdf,S03,IS 1237:2012,Cement Concrete Flooring Tiles - Specification (Second Revision),2012,2012,exact
is.12379.1988.pdf,S14,IS 12379:1988,Code of practice for lining of water - Courses and field channels,1988,1988,exact
is.12388.1988.pdf,S12,IS 12388:1988,Specification for handloom cotton voile,1988,1988,exact
is.1239.1.2004.pdf,S10,IS 1239 (Part 1):2004,"Steel tubes, tubulars and other wrought steel fittings - Specification: Part 1 steel tubes (Sixth Revision)",2004,2004,exact
is.1239.2.2011.pdf,S10,IS 1239 (Part 2):2011,"Steel tubes, tubulars and other steel fittings - Specification: Part 2 steel pipe fittings (Fifth Revision)",2011,2011,exact
is.12407.1988.pdf,S03,IS 12407:1988,Graphic symbols for fire protection plans,1988,1988,exact
is.12416.1988.pdf,S12,IS 12416:1988,Specification for polyester cotton belting duck,1988,1988,exact
is.12423.1988.pdf,S03,IS 12423:1988,Method for Colorimetric analysis of Hydraulic Cement,1988,1988,exact
is.12427.2001.pdf,S01,IS 12427:2001,Fasteners - Threaded steel fasteners - Hexagon head transmission tower bolts - Specification (First Revision),2001,2001,exact
is.12430.1987.pdf,S09,IS 12430:1987,"Safety code for installation, servicing maintenanceand of sterilizers",1987,1987,exact
is.12456.2004.pdf,S03,IS 12456:2004,Fire protection of electronic data processing installation - Code of practice (First Revision),2004,2004,exact
is.12457.1988.pdf,S10,IS 12457:1988,"Code of practice for evaluation, repairs and acceptance limits of surface defects in steel plates and wide flats",1988,1988,exact
is.12467.1.2006.pdf,S12,IS 12467 (Part 1):2006,Textiles – Assessment of the ignitability of upholstered furniture Part 1 Ignition source: smouldering cigarette (first revision),2006,2006,exact
is.12467.2.2006.pdf,S12,IS 12467 (Part 2):2006,Textiles – Assessment of the ignitability of upholstered furniture Part 2 Ignition source: match flame equivalent (first revision),2006,2006,exact
is.12470.1988.pdf,S01,IS 12470:1988,Specification for square drive extension for hexagon insert bits for power socket wrenches,1988,1988,exact
is.12476.1988.pdf,S01,IS 12476:1988,Specification for hexagon drive extensions (Adaptors) for hexagon insert bits for power socket wrenches,1988,1988,exact
is.12481.1988.pdf,S01,IS 12481:1988,Specification for hexagonal insert bits for hexagon socket head cap screws and hexagon socket set screws for power tools,1988,1988,exact
is.12497.1.1988.pdf,S01,IS 12497 (Part 1):1988,"Specification for plastic cartridges ,for shot guns: Part 1 general requirements",1988,1988,exact
is.12497.3.1988.pdf,S01,IS 12497 (Part 3):1988,Specification for plastic cartridges for shot guns: Part 3 plastic body tube,1988,1988,exact
is.12497.4.1988.pdf,S01,IS 12497 (Part 4):1988,Specification for plastic cartridges for shot guns: Part 4 plastic base wad,1988,1988,exact
is.12497.5.1988.pdf,S01,IS 12497 (Part 5):1988,Specification for plastic cartridges for shot guns: Part 5 plastic power piston,1988,1988,exact
is.12506.1988.pdf,S03,IS 12506:1988,Code of practice for improved that ching of roof with rotand fire retardant - Treatment,1988,1988,exact
is.12510.1988.pdf,S01,IS 12510:1988,Specification for wall clocks (battery operated),1988,1988,exact
is.12516.3.1988.pdf,S06,IS 12516 (Part 3):1988,Method for determination of physical characteristics of doughs made from wheat flour: Part 3 water absorption and rheolog properties using a valorigraph,1988,1988,exact
is.12522.1988.pdf,S01,IS 12522:1988,Specification for rubber mallets,1988,1988,exact
is.1253.1992.pdf,S10,IS 1253:1992,Aluminium for use in iron and steel manufacture - Specification (Third Revision),1992,1992,exact
is.12546.1988.pdf,S13,IS 12546:1988,Basic safety requirements for air cargo loading equipment,1988,1988,exact
is.12553.1988.pdf,S10,IS 12553:1988,"Code of practice for design, construction, installation and operation of industrial gas/oil burning equipment",1988,1988,exact
is.12581.1989.pdf,S02,IS 12581:1989,Glass containers for domestic fruit preserving - Specification,1989,1989,exact
is.12594.1988.pdf,S10,IS 12594:1988,Hot - Dip Zinc Coating on Structural Steel Bars for Concrete Reinforcement - Specification,1988,1988,exact
is.12600.1989.pdf,S03,IS 12600:1989,"Portland Cement, Low Heat - specification",1989,1989,exact
is.1261.1959.pdf,S10,IS 1261:1959,Code of practice for seam welding in mild steel,1959,1959,exact
is.12611.1989.pdf,S06,IS 12611:1989,Pesticides - Determination of residues in foods and water - Endosulfan,1989,1989,exact
is.12616.1989.pdf,S06,IS 12616:1989,"Pesticide residues in food scypermethrin, deltamethrin, fenvalerate and permethrin - Method for determination",1989,1989,exact
is.12620.1989.pdf,S10,IS 12620:1989,Seamless steel tubes for manufacturing high pressure gas cylinders - Specification,1989,1989,exact
is.12629.1989.pdf,S08,IS 12629:1989,Water well drilling - Rotary hose for rotary drilling - Recommended practice for care and use,1989,1989,exact
is.12635.2000.pdf,S08,IS 12635:2000,Water well drilling and blast hole drilling - Rock roller bit with non - Sealed ball and roller bearing arrangement - Technical supply conditions (First Revision),2000,2000,exact
is.12643.1989.pdf,S10,IS 12643:1989,Corrosion protection of steel by fibreglass reinforced polyester lining - Code of practice,1989,1989,exact
is.12644.1989.pdf,S10,IS 12644:1989,"Titanium and titanium alloy pipe, seamless and welded - Specification",1989,1989,exact
is.12653.1989.pdf,S06,IS 12653:1989,Rubber Tapping Tools - Coagulation Tray - Specification,1989,1989,exact
is.12676.1989.pdf,S05,IS 12676:1989,Oil impregnated paper insulated condenser bushings - Dimensions and requirements,1989,1989,exact
is.1269.1.1997.pdf,S01,IS 1269 (Part 1):1997,Leagal metrology - Material measures of length: Part 1 woven metallic and glass fiber tape measures (Second Revision),1997,1997,exact
is.1269.2.1997.pdf,S01,IS 1269 (Part 2):1997,Legal metrology - Material measures of length: Part 2 steel tape measures,1997,1997,exact
is.12701.1996.pdf,S03,IS 12701:1996,Rotational moulded polyethylene water storage tanks - specification (First Revision),1996,1996,exact
is.12709.1994.pdf,S03,IS 12709:1994,"Glass-Fibre Reinforced Plastics (GRP) Pipes, Joints and Fittings for Use for Potable Water Supply - Specification (First Revision)",1994,1994,exact
is.12717.1989.pdf,S03,IS 12717:1989,Fire fighting equipment - High capacity portable pump set (1100 - 1600 L/min) - Functional requirements,1989,1989,exact
is.12724.2004.pdf,S11,IS 12724:2004,Flexible pouches for packing of refined edible oils up to 5 kg or 5 litre - Specification (First Revision),2004,2004,exact
is.12727.1989.pdf,S03,IS 12727:1989,No - Fines cast in situ cement concrete - Code of practice,1989,1989,exact
is.12735.1994.pdf,S08,IS 12735:1994,Wire rope slings - Safety criteria and inspection procedures for use (First Revision),1994,1994,exact
is.12742.1989.pdf,S02,IS 12742:1989,Guide for defluoridaton of water for drinking purposes (Chemical Treatment Method),1989,1989,exact
is.12753.1989.pdf,S10,IS 12753:1989,Electrogalvanized coatings on round steel wire - Specification,1989,1989,exact
is.12760.2012.pdf,S06,IS 12760:2012,"Milk and milk products - Determination of calcium, sodium, potassium and magnesium contents - Atomic absorption spectrometric method (First Revision)",2012,2012,exact
is.12778.2004.pdf,S03,IS 12778:2004,"Hot Rolled Parallel Flange Steel Sections for Beams, Columns and Bearing Piles - Dimensions and Section Properties (First Revision)",2004,2004,exact
is.12791.1989.pdf,S10,IS 12791:1989,High carbon chromium bearing steel tubes for the manufacture of bearing races - Specification,1989,1989,exact
is.12796.1989.pdf,S03,IS 12796:1989,Fire rake - Specification,1989,1989,exact
is.1280.1975.pdf,S10,IS 1280:1975,Specification for foundry moulding boxes of steel construction (Second Revision),1975,1975,exact
is.12803.1989.pdf,S03,IS 12803:1989,Methods of Analysis of Hydraulic Cement by X-ray Fluorescence Spectrometer,1989,1989,exact
is.12813.1989.pdf,S03,IS 12813:1989,Method of Analysis of Hydraulic Cement by Atomic Absorption Spectrophotometer,1989,1989,exact
is.12820.2004.pdf,S10,IS 12820:2004,"Dimensional requirements of rubber gaskets for mechanical joints and push - On joints for use with cast iron pipes and fittings for carrying water, gas and sewage (First Revision)",2004,2004,exact
is.12830.1989.pdf,S11,IS 12830:1989,Rubber based adhesives for fixing pvc tiles to cement - Specification,1989,1989,exact
is.12840.1989.pdf,S12,IS 12840:1989,"Kit bag, universal - Specification",1989,1989,exact
is.12843.1989.pdf,S03,IS 12843:1989,Tolerances for erection of steel structures,1989,1989,exact
is.12853.1989.pdf,S03,IS 12853:1989,Specification pulaski tool for forest fire,1989,1989,exact
is.12859.1989.pdf,S03,IS 12859:1989,Fire fighting - Brush hook for forest fires - Specification,1989,1989,exact
is.12861.1989.pdf,S03,IS 12861:1989,Fire fighting - Double bit axe for forest fires - Specification,1989,1989,exact
is.12862.1989.pdf,S03,IS 12862:1989,Fire fighting - Shovel for forest fires - Specification,1989,1989,exact
is.12864.2.1989.pdf,S13,IS 12864 (Part 2):1989,Packaging export of thermosflasks for - Export - Code of practice: Part 2 glass refills,1989,1989,exact
is.12868.1989.pdf,S02,IS 12868:1989,Glass aerosol containers - Specification,1989,1989,exact
is.12869.3.1998.pdf,S02,IS 12869 (Part 3):1998,Methods for determination of viscosity and viscometric fixed points of glass: Part 3 determination of annealing and strain point by beam bending method,1998,1998,exact
is.12883.1989.pdf,S11,IS 12883:1989,Polyvinyl chloride (PVC) bottles for edible oils - Specification,1989,1989,exact
is.12892.1989.pdf,S14,IS 12892:1989,Safety of barrage and weir structures - Guidelines,1989,1989,exact
is.12895.1990.pdf,S06,IS 12895:1990,"Alga spirulina, food grade - Specification",1990,1990,exact
is.12918.1990.pdf,S02,IS 12918:1990,Guide for removal of iron from water for rural drinking water supply (Chemical Treatment Method),1990,1990,exact
is.12927.2004.pdf,S11,IS 12927:2004,Glass mould oils - Specification (First Revision),2004,2004,exact
is.12928.1990.pdf,S02,IS 12928:1990,Precipitated barium carbonate for ceramic and glass industry - Specification,1990,1990,exact
is.12938.1990.pdf,S10,IS 12938:1990,Acceptance standards for radiographic inspection of steel castings,1990,1990,exact
is.12958.1990.pdf,S05,IS 12958:1990,Oxidation stability of inhibited mineral insulating oil by rotating bomb - Method of test,1990,1990,exact
is.12968.1991.pdf,S10,IS 12968:1991,Steel castings for crankshafts for marine engines - Specification,1991,1991,exact
is.12981.1991.pdf,S06,IS 12981:1991,Common salt - Iron fortified - Specification,1991,1991,exact
is.12987.1991.pdf,S10,IS 12987:1991,Cast iron detachable joints for use with asbestos cement pressure pipes (Light Duty) - Specification,1991,1991,exact
is.12988.1991.pdf,S10,IS 12988:1991,Rubber sealing rings for cid joints for light duty ac pipesdimensional requirements,1991,1991,exact
is.13000.1990.pdf,S03,IS 13000:1990,Silica-asbestos-cement Flat Sheets -,1990,1990,exact
is.13008.1990.pdf,S03,IS 13008:1990,Shallow corrugated asbestos cement sheets -,1990,1990,exact
is.13026.1991.pdf,S03,IS 13026:1991,bitumen mastic for flooring for industries handling LPG and other light hydrocarbon products,1991,1991,exact
is.13037.1991.pdf,S06,IS 13037:1991,Chilliseed oil - Specification,1991,1991,exact
is.13040.1991.pdf,S01,IS 13040:1991,Dolly blocks for use in steel body repairs - General requirements,1991,1991,exact
is.13045.1991.pdf,S03,IS 13045:1991,Code of Practice for Fire Safety of Industrial Buildings : Flour Mills,1991,1991,exact
is.13046.1991.pdf,S06,IS 13046:1991,Sweet potato flour - Specification,1991,1991,exact
is.13049.1991.pdf,S03,IS 13049:1991,Diaphragm type (plastic body) float operated valves for cold water services - Specification,1991,1991,exact
is.13050.1991.pdf,S13,IS 13050:1991,Internal combustion engines - Valve seat inserts - Specification,1991,1991,exact
is.13052.1991.pdf,S13,IS 13052:1991,Internal combustion engines - Cylinder liners - Quality characteristics,1991,1991,exact
is.13058.1991.pdf,S08,IS 13058:1991,Calibrated round steel link lifting chains - Guidelines for proper use and maintenance,1991,1991,exact
is.13066.1991.pdf,S05,IS 13066:1991,Prepreg based on glass woven fabric for electrical applications - Specification,1991,1991,exact
is.13074.1991.pdf,S03,IS 13074:1991,Code of practice for laying of bitumen mastic flooring for industries handling LPG and other light hydrocarbon products,1991,1991,exact
is.13093.2002.pdf,S01,IS 13093:2002,Sheet metal body repair steel hammers - General requirements (First Revision),2002,2002,exact
is.13101.1991.pdf,S11,IS 13101:1991,"Natural rubber latex, creamed, ammonia preserved - Specification",1991,1991,exact
is.13109.3.1999.pdf,S04,IS 13109 (Part 3):1999,Specification for electronic equipment/systems for use in coal and metalliferous mines: Part 3 requirements for battery powered amplifier telephone systems,1999,1999,exact
is.13114.1991.pdf,S03,IS 13114:1991,"Forged brass gate, globe and check valves for water works purposes - Specification",1991,1991,exact
is.13128.1.1991.pdf,S12,IS 13128 (Part 1):1991,"Textiles - Fabric, woven glass fibre, for electrical insulation and plastic laminate - Specification Part 1 Loomstate fabrics",1991,1991,exact
is.13128.2.1991.pdf,S12,IS 13128 (Part 2):1991,"Textiles - Fabric, Woven Glass Fibre, for Electrical Insulation and Plastic Laminate - Specification Part 2 Desized and Finished Fabrics",1991,1991,exact
is.13147.1991.pdf,S10,IS 13147:1991,Black oxide coating on stainless steel parts - Specification,1991,1991,exact
is.13148.1.1999.pdf,S08,IS 13148 (Part 1):1999,Mobile equipment for continuous handling of bulk materials: Part 1 rules for the design of steel structure (First Revision),1999,1999,exact
is.13156.1991.pdf,S08,IS 13156:1991,Sheave pulley blocks for wire rope - Specification,1991,1991,exact
is.13157.1991.pdf,S12,IS 13157:1991,Textile fibres - Commercial moisture regains - Specification,1991,1991,exact
is.1316.1984.pdf,S12,IS 1316:1984,Methods for detection and estimation of damage in cotton fabrics due to micro-organisms (first revision),1984,1984,exact
is.13168.1991.pdf,S06,IS 13168:1991,Tomato seed oil - Specification,1991,1991,exact
is.1317.1969.pdf,S06,IS 1317:1969,Specification for edible tapioca chips (First Revision),1969,1969,exact
is.13177.1991.pdf,S10,IS 13177:1991,Passivation of stainless steel parts - Specification,1991,1991,exact
is.13183.1991.pdf,S02,IS 13183:1991,"Aluminium paint, heat resistant - Specification",1991,1991,exact
is.1319.1983.pdf,S06,IS 1319:1983,Specification for edible tapioca starch (Second Revision),1983,1983,exact
is.13190.1991.pdf,S10,IS 13190:1991,Recommended practice for eddy current examination by rotating probe method of round steel bars,1991,1991,exact
is.13197.1991.pdf,S10,IS 13197:1991,Grooved pipe couplings - Specification,1991,1991,exact
is.13212.1991.pdf,S10,IS 13212:1991,Black oxide coating for iron and steel parts - Specification,1991,1991,exact
is.13219.1992.pdf,S08,IS 13219:1992,Rock bolts for mines (Cement Grouted) - General requirements,1992,1992,exact
is.1322.1993.pdf,S03,IS 1322:1993,Bitumen Felts for Water Proofing and Damp-proofing - Specification (Fourth Revision),1993,1993,exact
is.13224.1991.pdf,S13,IS 13224:1991,Automotive vehicles - Hydraulic braking systems - Master cylinder performance requirements,1991,1991,exact
is.13252.1.2010.pdf,S04,IS 13252 (Part 1):2010,Information Technology Equipment - Safety Part 1: General Requirements (Second Revision),2010,2010,exact
is.13257.1992.pdf,S08,IS 13257:1992,Ring type joint gaskets and grooves for pipe flanges - Specification,1992,1992,exact
is.13261.1991.pdf,S11,IS 13261:1991,Oil of mentha citrata - Specification,1991,1991,exact
is.13262.1992.pdf,S11,IS 13262:1992,Pressure sensitive adhesive tapes with plastic base - Specification,1992,1992,exact
is.13285.1992.pdf,S06,IS 13285:1992,Guidelines for addition of essential nutrients to food,1992,1992,exact
is.13295.1992.pdf,S02,IS 13295:1992,Code of practice for manufacture of safety leather boots and shoes for workers in the mines and heavy metal industries,1992,1992,exact
is.13306.1992.pdf,S08,IS 13306:1992,Oil and gas fired thermic fluid heaters - Method of calculation of film temperatures,1992,1992,exact
is.13312.1992.pdf,S05,IS 13312:1992,Dimensions of porcelain oil filled transformer bushings (Rated 52 KV) for medium polluted atmospheres,1992,1992,exact
is.13336.1992.pdf,S01,IS 13336:1992,Reducer coupling assemblies for oil hydraulic system - Specification,1992,1992,exact
is.13337.1992.pdf,S01,IS 13337:1992,Straight reducer coupling body for oil hydraulic system - Specification,1992,1992,exact
is.13348.1992.pdf,S02,IS 13348:1992,"Brush, rubber squeezer, with handle - Specification",1992,1992,exact
is.13356.1992.pdf,S03,IS 13356:1992,Precast Ferrocement Water Tanks up to 10000 Litres Capacity -,1992,1992,exact
is.13384.1.1992.pdf,S04,IS 13384 (Part 1):1992,Cathode ray tube based data display monitor - Specificaiton: Part 1 colour,1992,1992,exact
is.13384.2.1997.pdf,S04,IS 13384 (Part 2):1997,Cathode ray tube based data display monitor - Specificaiton: Part 2 monochrome,1997,1997,exact
is.13387.1992.pdf,S10,IS 13387:1992,Tool steel forgings for metal forming - Specification,1992,1992,exact
is.13410.1992.pdf,S11,IS 13410:1992,Glass reinforced polyester sheet moulding compounds(smc) - Specification,1992,1992,exact
is.13411.1992.pdf,S11,IS 13411:1992,Glass reinforced polyester dough moulding compounds - Specification,1992,1992,exact
is.13415.1992.pdf,S03,IS 13415:1992,Protective Barriers in and Around Buildings - Code of Safety,1992,1992,exact
is.13416.5.1994.pdf,S03,IS 13416 (Part 5):1994,Recommendations for Preventive Measures Against Hazards at Workplaces Part 5 Fire Protection,1994,1994,exact
is.13424.2001.pdf,S02,IS 13424:2001,Safety evaluation of bathing bars and toilet soaps - Methods of test (First Revision),2001,2001,exact
is.13430.1992.pdf,S03,IS 13430:1992,Code of practice for safety during additional construction and alteration to existing buildings,1992,1992,exact
is.13431.1992.pdf,S13,IS 13431:1992,"Shipbuilding - Design, Fabrication, Installation and Testing of Ships' Lubricating Oil System - Code of Practice",1992,1992,exact
is.13435.3.1992.pdf,S03,IS 13435 (Part 3):1992,Acrylic Based Polymer Waterproofing Materials - Methods of Test: Part 3 Determination of Capillary Water Take-up,1992,1992,exact
is.13440.1992.pdf,S02,IS 13440:1992,Methyl Chloride - Code of Safety,1992,1992,exact
is.13441.1992.pdf,S02,IS 13441:1992,Ethyl ether - Code of safety,1992,1992,exact
is.13442.1992.pdf,S02,IS 13442:1992,Trichloro Ethylene - Code of Safety,1992,1992,exact
is.13447.1992.pdf,S02,IS 13447:1992,P - Nitro Aniline - Code of Safety,1992,1992,exact
is.13449.1992.pdf,S11,IS 13449:1992,"Positive list of constituents of ethylene vinyl acetate (eva) copolymers in contact with foodstuffs, pharmaceuticals and drinking water",1992,1992,exact
is.13488.2008.pdf,S06,IS 13488:2008,Irrigation Equipment - Emitting Pipe Systems - Specification (First Revision),2008,2008,exact
is.13496.1992.pdf,S03,IS 13496:1992,"General Requirements of Suction Machine for Cleaning Sewers, Manholes and Ancillary Structures Provided on Sewer Line and Closed Storm Water Drains",1992,1992,exact
is.13500.1992.pdf,S06,IS 13500:1992,Spray dried milk powders scorched particles - Determination,1992,1992,exact
is.13505.1992.pdf,S10,IS 13505:1992,Centrifugally cast high alloy steel and nickel base tubing for pressure application at high temperature - Specification,1992,1992,exact
is.13510.2000.pdf,S12,IS 13510:2000,"Textiles - Duck, Polyester Cotton Blended, Rip-Stop - Specification (First Revision)",2000,2000,exact
is.13531.2005.pdf,S13,IS 13531:2005,Automotive tyres - Tyre - Retreading materials for mould cure process (First Revision),2005,2005,exact
is.13566.1992.pdf,S10,IS 13566:1992,Recommended practice of pickling by H2so4 levelling and oiling of lpg sheets,1992,1992,exact
is.13568.1992.pdf,S05,IS 13568:1992,Lead acid light weight storage batteries for motor cycles and similar vehicles fitted with ac circuitry - Specification,1992,1992,exact
is.13573.1.2011.pdf,S05,IS 13573 (Part 1):2011,Cable accessories for extruded power cables - Specification: Part 1 for working voltages from 1.1 kV up to and including 3.3 kV (E) - Test methods and test requirements (First Revision),2011,2011,exact
is.13573.2.2011.pdf,S05,IS 13573 (Part 2):2011,Cable accessories for extruded power cables - Specification: Part 2 for working voltages from 3.3 kV (Ue) up to and including 33 kV (E) - Test requirements (First Revision),2011,2011,exact
is.13573.3.2011.pdf,S05,IS 13573 (Part 3):2011,Cable accessories for extruded power cables - Specification: Part 3 for working voltages from 3.3 kV (UE) up to and including 33 KV (E) - Test methods (First Revision),2011,2011,exact
is.13576.1992.pdf,S11,IS 13576:1992,"Ethylene methacrylic acid (emaa) copolymers and terpolymers for their safe use in contact with foodstuffs, pharmaceuticals and drinking water - Specification",1992,1992,exact
is.13577.1992.pdf,S11,IS 13577:1992,"Positive list of constituents of ethylene methacrylic acid (emaa) copolymers and terpolymers in contact with foodstuffs, pharmaceuticals and drinking water",1992,1992,exact
is.13585.1.2012.pdf,S05,IS 13585 (Part 1):2012,"Shunt power capacitors of the non - Self - Healing type for ac systems having a rated voltage up to and including 1 000 v: Part 1 general - Performance, testing and rating - Safety requirements - Guide for installation and operation (First Revision)",2012,2012,exact
is.13592.2013.pdf,S03,IS 13592:2013,Unplasticized Polyvinyl Chloride (PVC-U) Pipes for Soil and Waste Discharge System Inside and Outside Buildings Including Ventilation and Rain Water System - Specification (First Revision),2013,2013,exact
is.13593.1992.pdf,S03,IS 13593:1992,UPVC Pipe Fittings for Use with the UPVC Pipes in the Suction and Delivery Lines of Agricultural Pumps -Specification,1992,1992,exact
is.13601.1993.pdf,S11,IS 13601:1993,"Ethylene vinyl acetate (eva) copolymers for its safe use in contact with foodstuffs, pharmaceuticals and drinking water - Specification",1993,1993,exact
is.13607.1992.pdf,S02,IS 13607:1992,"Heady mixed paint, finishing, general purposes, synthetic - Specification",1992,1992,exact
is.1361.1978.pdf,S03,IS 1361:1978,Specification for Steel Windows for Industrial Buildings,1978,1978,exact
is.13619.1993.pdf,S08,IS 13619:1993,Industrial steam and hot water boiler plants - Maintaining of log and summary sheets - Recommendations,1993,1993,exact
is.13628.1992.pdf,S12,IS 13628:1992,Textile machinery - Squeezing rollers for textile finishing machines - Specification,1992,1992,exact
is.13629.2004.pdf,S12,IS 13629:2004,Textile machinery – Stainless steel drying cylinders used in textile processing – Specification (first revision),2004,2004,exact
is.13650.1993.pdf,S02,IS 13650:1993,Glass containers for proteinized food,1993,1993,exact
is.13657.1993.pdf,S06,IS 13657:1993,"Aspartame, food grade - Specification",1993,1993,exact
is.13658.1993.pdf,S06,IS 13658:1993,"Polyglycbrol esters of fatty acids, food grade - Specification",1993,1993,exact
is.13659.1993.pdf,S06,IS 13659:1993,"Polyglycerol esters of interesterified ricinoleic acid, food grade - Specification",1993,1993,exact
is.13660.1993.pdf,S06,IS 13660:1993,Muskmelon seed oil - Specification,1993,1993,exact
is.13661.1993.pdf,S06,IS 13661:1993,Ratanjyot oil - Specification,1993,1993,exact
is.13664.1993.pdf,S13,IS 13664:1993,Poly - Pallets for bag storage godowns - Specification,1993,1993,exact
is.1367.10.2002.pdf,S01,IS 1367 (Part 10):2002,Technical supply conditions for threaded steel fasteners: Part 10 surface discontinuities - Nuts (Third Revision),2002,2002,exact
is.1367.12.1981.pdf,S01,IS 1367 (Part 12):1981,Technical supply conditions for threaded steel fasteners: Part 12 phosphate coatings on threaded fasteners (Second Revision),1981,1981,exact
is.1367.16.2002.pdf,S01,IS 1367 (Part 16):2002,Technical supply conditions for threaded steel fasteners: Part 16 designation system for fasteners (Third Revision),2002,2002,exact
is.1367.18.1996.pdf,S01,IS 1367 (Part 18):1996,Industrial fasteners - Threaded steel fasteners - Technical supply conditions: Part 18 packaging (Third Revision),1996,1996,exact
is.1367.19.1997.pdf,S01,IS 1367 (Part 19):1997,"Industrial fasteners - Threaded steel fasteners - Technical supply conditions: Part 19 axial load fatigue testing of bolts, screws and studs",1997,1997,exact
is.1367.2.2002.pdf,S01,IS 1367 (Part 2):2002,"Technical supply conditions for threaded steel fasteners: Part 2 tolerances for fasteners - Bolts, screws, studs and nuts - Product grades a, b and c (Third Revision)",2002,2002,exact
is.1367.20.1996.pdf,S01,IS 1367 (Part 20):1996,Industrial fasteners - Threaded steel fasteners - Technical supply conditions - Mechanical properties: Part 20 torsional - Test and mlnimum torques for bolts and screws with nominal diameters 1 mm to 10 mm,1996,1996,exact
is.1367.7.1980.pdf,S01,IS 1367 (Part 7):1980,Technical supply conditions for tHreadeD steel fasteners: Part 7 mechanical properties and test methods for nuts without specified proof loads (Second Revision),1980,1980,exact
is.13674.3.1993.pdf,S04,IS 13674 (Part 3):1993,Dimensions of ferrite components for CTV: Part 3 cores for SMPS transformer,1993,1993,exact
is.13679.1993.pdf,S06,IS 13679:1993,Okra seed oil - Specification,1993,1993,exact
is.13682.1993.pdf,S12,IS 13682:1993,Textile machinery and accessories - Bobbin rail pin and plate for jute spinning frame - Specification,1993,1993,exact
is.13691.1993.pdf,S10,IS 13691:1993,Steel - Determination of total or effective thickness of thin surface - Hardened layers,1993,1993,exact
is.13694.1993.pdf,S03,IS 13694:1993,Code of practice for fire safety in iron and steel industries,1993,1993,exact
is.1370.1993.pdf,S01,IS 1370:1993,Transmission belting - Friction surface rubber belting specification (Third Revision),1993,1993,exact
is.13702.1993.pdf,S06,IS 13702:1993,"Propylene glycol, food grade - Specification",1993,1993,exact
is.13704.1993.pdf,S06,IS 13704:1993,"Glycerol esters of wood rosin (Ester Gums), food grade - Specification",1993,1993,exact
is.13709.1993.pdf,S09,IS 13709:1993,Medical electrical equipment - Dental X-ray equipment radiation safety,1993,1993,exact
is.13716.1993.pdf,S03,IS 13716:1993,Code Of Practice For Fire Safety Of Hotels,1993,1993,exact
is.13718.2.1993.pdf,S01,IS 13718 (Part 2):1993,Horology -- Watch straps: Part 2 Stainless steel -- Specification,1993,1993,exact
is.13719.1993.pdf,S12,IS 13719:1993,Textiles – Ring spun cotton regenerated cellulosic fibre blended grey yarn – Specification,1993,1993,exact
is.13720.1993.pdf,S12,IS 13720:1993,Textile machinery and accessories - Pressing roller assembly for jute spinning frame - Specification,1993,1993,exact
is.13721.1993.pdf,S12,IS 13721:1993,Textile machinery and accessories - Bobbin rail boss for jute spinning frame - Specification,1993,1993,exact
is.13730.15.1994.pdf,S05,IS 13730 (Part 15):1994,"Particular types of winding wires: Part 15 polyesterimide enammelled round aluminium wire, class 180",1994,1994,exact
is.13730.16.1996.pdf,S05,IS 13730 (Part 16):1996,Specifications for particular types of winding wires: Part 16 polyester enamelled rectangular copper wire class 155,1996,1996,exact
is.13730.29.1996.pdf,S05,IS 13730 (Part 29):1996,"Specifications for particular types of winding wires: Part 29 polyester or polyesterimide overcoated with polyamide - Imide enamelled rectangular copper wire, class 200",1996,1996,exact
is.13730.3.2012.pdf,S05,IS 13730 (Part 3):2012,"Specifications for particular types of winding wires: Part 3 polyester enamelled round copper wire, class 155 (First Revision)",2012,2012,exact
is.13730.34.2000.pdf,S05,IS 13730 (Part 34):2000,"Specifications for particular types of winding wires: Part 34 polyester enamelled round copper wire, class 130 L (First Revision)",2000,2000,exact
is.13730.45.1999.pdf,S05,IS 13730 (Part 45):1999,"Specifications for particular types of winding wires: Part 45 polyester enamelled round copper wire, class 130",1999,1999,exact
is.13730.9.1994.pdf,S05,IS 13730 (Part 9):1994,"Specification for particular types of winding wires: Part 9 polyester enamelled round aluminium wire, class 138",1994,1994,exact
is.13747.1993.pdf,S12,IS 13747:1993,"Textile machinery – Hand-operated, single bed type, domestic knitting machines – Specification",1993,1993,exact
is.13748.1993.pdf,S12,IS 13748:1993,"Textile machinery and accessories - Chain links for warp knitting machines - Terms and definitions, symbols",1993,1993,exact
is.13749.2009.pdf,S13,IS 13749:2009,"Automotive vehicles - Procedure for determining the ""H"" point and the torso angle for 50th percentile adult male in seating positions of motor vehicles",2009,2009,exact
is.13752.1993.pdf,S10,IS 13752:1993,Guidelines for reporting sequence of elements in steel and pig iron and mechanical properties in steels,1993,1993,exact
is.1376.1998.pdf,S12,IS 1376:1998,Textiles – Cotton sewing threads for aerospace purposes – Specification (third revision),1998,1998,exact
is.13801.2013.pdf,S03,IS 13801:2013,Chequered Cement Concrete Tiles - Specification (First Revision),2013,2013,exact
is.1382.1981.pdf,S02,IS 1382:1981,Glossary of terms relating to glass and glassware (First Revision),1981,1981,exact
is.13826.6.1993.pdf,S03,IS 13826 (Part 6):1993,Bitumen based felts - Methods of test Part 6 Water absorption test,1993,1993,exact
is.13829.1993.pdf,S06,IS 13829:1993,"Pesticide - Method for determination of residues in agricultural and food commodities, soil and water - Atrazine and simazine",1993,1993,exact
is.196.1966.pdf,S01,IS 196,Indian Standard 196,1966,1966,exact
is.5.2007.pdf,S02,IS 5,Indian Standard 5,2007,2007,exact
is.10.1.1990.pdf,S03,IS 10,Indian Standard 10,1990,1990,exact
is.368.2014.pdf,S04,IS 368,Indian Standard 368,2014,2014,exact
is.302.1.2008.pdf,S05,IS 302,Indian Standard 302,2008,2008,exact
is.75.1973.pdf,S06,IS 75,Indian Standard 75,1973,1973,exact
is.2.1960.pdf,S07,IS 2,Indian Standard 2,1960,1960,exact
is.278.2009.pdf,S08,IS 278,Indian Standard 278,2009,2009,exact
is.1984.1.2003.pdf,S09,IS 1984,Indian Standard 1984,2003,2003,exact
is.6.1983.pdf,S10,IS 6,Indian Standard 6,1983,1983,exact
is.73.2006.pdf,S11,IS 73,Indian Standard 73,2006,2006,exact
is.1.b.1968.pdf,S12,IS 1,Indian Standard 1,1968,1968,exact
is.532.2006.pdf,S13,IS 532,Indian Standard 532,2006,2006,exact
is.1191.2003.pdf,S14,IS 1191,Indian Standard 1191,2003,2003,exact
is.196.b.1966.pdf,S01,IS 196,Indian Standard 196,1966,1966,exact
is.15.1973.pdf,S02,IS 15,Indian Standard 15,1973,1973,exact
is.10.2.1996.pdf,S03,IS 10,Indian Standard 10,1996,1996,exact
is.615.1996.pdf,S04,IS 615,Indian Standard 615,1996,1996,exact
is.302.2.2.1997.pdf,S05,IS 302,Indian Standard 302,1997,1997,exact
is.253.1985.pdf,S06,IS 253,Indian Standard 253,1985,1985,exact
is.4.1963.pdf,S07,IS 4,Indian Standard 4,1963,1963,exact
is.550.1.2003.pdf,S08,IS 550,Indian Standard 550,2003,2003,exact
is.1984.2.2003.pdf,S09,IS 1984,Indian Standard 1984,2003,2003,exact
is.8.1994.pdf,S10,IS 8,Indian Standard 8,1994,1994,exact
is.73.2013.pdf,S11,IS 73,Indian Standard 73,2013,2013,exact
is.9.1982.pdf,S12,IS 9,Indian Standard 9,1982,1982,exact
is.623.2008.pdf,S13,IS 623,Indian Standard 623,2008,2008,exact
is.2912.1999.pdf,S14,IS 2912,Indian Standard 2912,1999,1999,exact
is.207.1964.pdf,S01,IS 207,Indian Standard 207,1964,1964,exact
is.16.1.2008.pdf,S02,IS 16,Indian Standard 16,2008,2008,exact
is.10.3.1974.pdf,S03,IS 10,Indian Standard 10,1974,1974,exact
is.616.2010.pdf,S04,IS 616,Indian Standard 616,2010,2010,exact
is.302.2.3.2007.pdf,S05,IS 302,Indian Standard 302,2007,2007,exact
is.294.1979.pdf,S06,IS 294,Indian Standard 294,1979,1979,exact
is.12.2005.pdf,S07,IS 12,Indian Standard 12,2005,2005,exact
is.550.2.2005.pdf,S08,IS 550,Indian Standard 550,2005,2005,exact
is.3055.1.1994.pdf,S09,IS 3055,Indian Standard 3055,1994,1994,exact
is.21.1992.pdf,S10,IS 21,Indian Standard 21,1992,1992,exact
is.170.2004.pdf,S11,IS 170,Indian Standard 170,2004,2004,exact
is.32.1971.pdf,S12,IS 32,Indian Standard 32,1971,1971,exact
is.624.2003.pdf,S13,IS 624,Indian Standard 624,2003,2003,exact
is.2951.1.1965.pdf,S14,IS 2951,Indian Standard 2951,1965,1965,exact
is.273.1990.pdf,S01,IS 273,Indian Standard 273,1990,1990,exact
is.16.2.2008.pdf,S02,IS 16,Indian Standard 16,2008,2008,exact
is.10.4.1989.pdf,S03,IS 10,Indian Standard 10,1989,1989,exact
is.824.1965.pdf,S04,IS 824,Indian Standard 824,1965,1965,exact
is.302.2.4.1993.pdf,S05,IS 302,Indian Standard 302,1993,1993,exact
is.435.1973.pdf,S06,IS 435,Indian Standard 435,1973,1973,exact
is.18.1999.pdf,S07,IS 18,Indian Standard 18,1999,1999,exact
is.550.3.2005.pdf,S08,IS 550,Indian Standard 550,2005,2005,exact
