standard_number,official_title,department,scope,applicability,products_covered,common_product_names,synonyms,keywords,key_requirements,testing_information,conformity_information,mandatory_or_voluntary_status,related_standards,source_urls
IS 19364:2025,nan,CHD,This standard provides general specifications for the product.,Applicable to manufacturers of nan and related products.,nan,,,,"Must meet specified dimensions, material composition, and safety tests.",Refer to IS 1234 for test methods.,,Voluntary,,https://www.bis.gov.in/mock-source
IS 19300:2025,nan,CHD,This standard provides general specifications for the product.,Applicable to manufacturers of nan and related products.,nan,,,,"Must meet specified dimensions, material composition, and safety tests.",Refer to IS 1234 for test methods.,,Voluntary,,https://www.bis.gov.in/mock-source
IS 18731:2024,nan,CHD,This standard provides general specifications for the product.,Applicable to manufacturers of nan and related products.,nan,,,,"Must meet specified dimensions, material composition, and safety tests.",Refer to IS 1234 for test methods.,,Voluntary,,https://www.bis.gov.in/mock-source
IS 17441 (Part 1):2021,nan,CHD,This standard provides general specifications for the product.,Applicable to manufacturers of nan and related products.,nan,,,,"Must meet specified dimensions, material composition, and safety tests.",Refer to IS 1234 for test methods.,,Voluntary,,https://www.bis.gov.in/mock-source
IS 17441 (Part 2):2021,nan,CHD,This standard provides general specifications for the product.,Applicable to manufacturers of nan and related products.,nan,,,,"Must meet specified dimensions, material composition, and safety tests.",Refer to IS 1234 for test methods.,,Voluntary,,https://www.bis.gov.in/mock-source
IS 17539:2021,nan,CHD,This standard provides general specifications for the product.,Applicable to manufacturers of nan and related products.,nan,,,,"Must meet specified dimensions, material composition, and safety tests.",Refer to IS 1234 for test methods.,,Voluntary,,https://www.bis.gov.in/mock-source
IS 17439:2020,nan,CHD,This standard provides general specifications for the product.,Applicable to manufacturers of nan and related products.,nan,,,,"Must meet specified dimensions, material composition, and safety tests.",Refer to IS 1234 for test methods.,,Voluntary,,https://www.bis.gov.in/mock-source
IS 17440:2020,nan,CHD,This standard provides general specifications for the product.,Applicable to manufacturers of nan and related products.,nan,,,,"Must meet specified dimensions, material composition, and safety tests.",Refer to IS 1234 for test methods.,,Voluntary,,https://www.bis.gov.in/mock-source
IS 17441:2020,nan,CHD,This standard provides general specifications for the product.,Applicable to manufacturers of nan and related products.,nan,,,,"Must meet specified dimensions, material composition, and safety tests.",Refer to IS 1234 for test methods.,,Voluntary,,https://www.bis.gov.in/mock-source
IS 17443:2020,nan,CHD,This standard provides general specifications for the product.,Applicable to manufacturers of nan and related products.,nan,,,,"Must meet specified dimensions, material composition, and safety tests.",Refer to IS 1234 for test methods.,,Voluntary,,https://www.bis.gov.in/mock-source
IS 18685:2024,nan,CED,This standard provides general specifications for the product.,Applicable to manufacturers of nan and related products.,nan,,,,"Must meet specified dimensions, material composition, and safety tests.",Refer to IS 1234 for test methods.,,Voluntary,,https://www.bis.gov.in/mock-source
IS 18189:2023,nan,CED,This standard provides general specifications for the product.,Applicable to manufacturers of nan and related products.,nan,,,,"Must meet specified dimensions, material composition, and safety tests.",Refer to IS 1234 for test methods.,,Voluntary,,https://www.bis.gov.in/mock-source
IS 19510:2025,nan,FAD,This standard provides general specifications for the product.,Applicable to manufacturers of nan and related products.,nan,,,,"Must meet specified dimensions, material composition, and safety tests.",Refer to IS 1234 for test methods.,,Voluntary,,https://www.bis.gov.in/mock-source
IS 19788:2026,nan,FAD,This standard provides general specifications for the product.,Applicable to manufacturers of nan and related products.,nan,,,,"Must meet specified dimensions, material composition, and safety tests.",Refer to IS 1234 for test methods.,,Voluntary,,https://www.bis.gov.in/mock-source
IS 18873:2024,nan,FAD,This standard provides general specifications for the product.,Applicable to manufacturers of nan and related products.,nan,,,,"Must meet specified dimensions, material composition, and safety tests.",Refer to IS 1234 for test methods.,,Voluntary,,https://www.bis.gov.in/mock-source
IS 18876:2024,nan,FAD,This standard provides general specifications for the product.,Applicable to manufacturers of nan and related products.,nan,,,,"Must meet specified dimensions, material composition, and safety tests.",Refer to IS 1234 for test methods.,,Voluntary,,https://www.bis.gov.in/mock-source
IS 18600:2024,nan,FAD,This standard provides general specifications for the product.,Applicable to manufacturers of nan and related products.,nan,,,,"Must meet specified dimensions, material composition, and safety tests.",Refer to IS 1234 for test methods.,,Voluntary,,https://www.bis.gov.in/mock-source
IS 18579:2024,nan,FAD,This standard provides general specifications for the product.,Applicable to manufacturers of nan and related products.,nan,,,,"Must meet specified dimensions, material composition, and safety tests.",Refer to IS 1234 for test methods.,,Voluntary,,https://www.bis.gov.in/mock-source
IS 18588:2024,nan,FAD,This standard provides general specifications for the product.,Applicable to manufacturers of nan and related products.,nan,,,,"Must meet specified dimensions, material composition, and safety tests.",Refer to IS 1234 for test methods.,,Voluntary,,https://www.bis.gov.in/mock-source
IS 18604:2024,nan,FAD,This standard provides general specifications for the product.,Applicable to manufacturers of nan and related products.,nan,,,,"Must meet specified dimensions, material composition, and safety tests.",Refer to IS 1234 for test methods.,,Voluntary,,https://www.bis.gov.in/mock-source
IS 18389:2023,nan,FAD,This standard provides general specifications for the product.,Applicable to manufacturers of nan and related products.,nan,,,,"Must meet specified dimensions, material composition, and safety tests.",Refer to IS 1234 for test methods.,,Voluntary,,https://www.bis.gov.in/mock-source
IS 18390:2023,nan,FAD,This standard provides general specifications for the product.,Applicable to manufacturers of nan and related products.,nan,,,,"Must meet specified dimensions, material composition, and safety tests.",Refer to IS 1234 for test methods.,,Voluntary,,https://www.bis.gov.in/mock-source
IS 19224:2025,nan,TED,This standard provides general specifications for the product.,Applicable to manufacturers of nan and related products.,nan,,,,"Must meet specified dimensions, material composition, and safety tests.",Refer to IS 1234 for test methods.,,Voluntary,,https://www.bis.gov.in/mock-source
IS/IEC 60512 (Part 4/Sec 1):2003,nan,LITD,This standard provides general specifications for the product.,Applicable to manufacturers of nan and related products.,nan,,,,"Must meet specified dimensions, material composition, and safety tests.",Refer to IS 1234 for test methods.,,Voluntary,,https://www.bis.gov.in/mock-source
IS/IEC 60512 (Part 2/Sec 5):2003,nan,LITD,This standard provides general specifications for the product.,Applicable to manufacturers of nan and related products.,nan,,,,"Must meet specified dimensions, material composition, and safety tests.",Refer to IS 1234 for test methods.,,Voluntary,,https://www.bis.gov.in/mock-source
IS 516 (Part 5/Sec 3):2021,nan,CED,This standard provides general specifications for the product.,Applicable to manufacturers of nan and related products.,nan,,,,"Must meet specified dimensions, material composition, and safety tests.",Refer to IS 1234 for test methods.,,Voluntary,,https://www.bis.gov.in/mock-source
IS 17485 (Part 6):2021,nan,WRD,This standard provides general specifications for the product.,Applicable to manufacturers of nan and related products.,nan,,,,"Must meet specified dimensions, material composition, and safety tests.",Refer to IS 1234 for test methods.,,Voluntary,,https://www.bis.gov.in/mock-source
IS 17289:2021,nan,WRD,This standard provides general specifications for the product.,Applicable to manufacturers of nan and related products.,nan,,,,"Must meet specified dimensions, material composition, and safety tests.",Refer to IS 1234 for test methods.,,Voluntary,,https://www.bis.gov.in/mock-source
IS 19217:2025,nan,TED,This standard provides general specifications for the product.,Applicable to manufacturers of nan and related products.,nan,,,,"Must meet specified dimensions, material composition, and safety tests.",Refer to IS 1234 for test methods.,,Voluntary,,https://www.bis.gov.in/mock-source
IS 516 (Part 8/Sec 1):2020,nan,CED,This standard provides general specifications for the product.,Applicable to manufacturers of nan and related products.,nan,,,,"Must meet specified dimensions, material composition, and safety tests.",Refer to IS 1234 for test methods.,,Voluntary,,https://www.bis.gov.in/mock-source
IS 19258:2025,nan,TED,This standard provides general specifications for the product.,Applicable to manufacturers of nan and related products.,nan,,,,"Must meet specified dimensions, material composition, and safety tests.",Refer to IS 1234 for test methods.,,Voluntary,,https://www.bis.gov.in/mock-source
IS 19216:2025,nan,TED,This standard provides general specifications for the product.,Applicable to manufacturers of nan and related products.,nan,,,,"Must meet specified dimensions, material composition, and safety tests.",Refer to IS 1234 for test methods.,,Voluntary,,https://www.bis.gov.in/mock-source
IS/IEC 60512 (Part 2/Sec 3):2002,nan,LITD,This standard provides general specifications for the product.,Applicable to manufacturers of nan and related products.,nan,,,,"Must meet specified dimensions, material composition, and safety tests.",Refer to IS 1234 for test methods.,,Voluntary,,https://www.bis.gov.in/mock-source
IS 1885 (Part 90):2025,nan,LITD,This standard provides general specifications for the product.,Applicable to manufacturers of nan and related products.,nan,,,,"Must meet specified dimensions, material composition, and safety tests.",Refer to IS 1234 for test methods.,,Voluntary,,https://www.bis.gov.in/mock-source
IS/IEC 60512 (Part 3/Sec 1):2002,nan,LITD,This standard provides general specifications for the product.,Applicable to manufacturers of nan and related products.,nan,,,,"Must meet specified dimensions, material composition, and safety tests.",Refer to IS 1234 for test methods.,,Voluntary,,https://www.bis.gov.in/mock-source
IS/IEC 60512 (Part 4/Sec 2):2002,nan,LITD,This standard provides general specifications for the product.,Applicable to manufacturers of nan and related products.,nan,,,,"Must meet specified dimensions, material composition, and safety tests.",Refer to IS 1234 for test methods.,,Voluntary,,https://www.bis.gov.in/mock-source
IS 17273:2021,nan,WRD,This standard provides general specifications for the product.,Applicable to manufacturers of nan and related products.,nan,,,,"Must meet specified dimensions, material composition, and safety tests.",Refer to IS 1234 for test methods.,,Voluntary,,https://www.bis.gov.in/mock-source
IS/IEC 60512 (Part 2/Sec 2):2003,nan,LITD,This standard provides general specifications for the product.,Applicable to manufacturers of nan and related products.,nan,,,,"Must meet specified dimensions, material composition, and safety tests.",Refer to IS 1234 for test methods.,,Voluntary,,https://www.bis.gov.in/mock-source
IS 19280:2025,nan,TED,This standard provides general specifications for the product.,Applicable to manufacturers of nan and related products.,nan,,,,"Must meet specified dimensions, material composition, and safety tests.",Refer to IS 1234 for test methods.,,Voluntary,,https://www.bis.gov.in/mock-source
IS 19058:2024,nan,CED,This standard provides general specifications for the product.,Applicable to manufacturers of nan and related products.,nan,,,,"Must meet specified dimensions, material composition, and safety tests.",Refer to IS 1234 for test methods.,,Voluntary,,https://www.bis.gov.in/mock-source
IS 17272:2021,nan,WRD,This standard provides general specifications for the product.,Applicable to manufacturers of nan and related products.,nan,,,,"Must meet specified dimensions, material composition, and safety tests.",Refer to IS 1234 for test methods.,,Voluntary,,https://www.bis.gov.in/mock-source
IS 516 (Part 5/Sec 4):2020,nan,CED,This standard provides general specifications for the product.,Applicable to manufacturers of nan and related products.,nan,,,,"Must meet specified dimensions, material composition, and safety tests.",Refer to IS 1234 for test methods.,,Voluntary,,https://www.bis.gov.in/mock-source
IS/IEC 60512 (Part 2/Sec 1):2002,nan,LITD,This standard provides general specifications for the product.,Applicable to manufacturers of nan and related products.,nan,,,,"Must meet specified dimensions, material composition, and safety tests.",Refer to IS 1234 for test methods.,,Voluntary,,https://www.bis.gov.in/mock-source
IS 516 (Part 1/Sec 1):2021,nan,CED,This standard provides general specifications for the product.,Applicable to manufacturers of nan and related products.,nan,,,,"Must meet specified dimensions, material composition, and safety tests.",Refer to IS 1234 for test methods.,,Voluntary,,https://www.bis.gov.in/mock-source
IS 17485 (Part 2):2021,nan,WRD,This standard provides general specifications for the product.,Applicable to manufacturers of nan and related products.,nan,,,,"Must meet specified dimensions, material composition, and safety tests.",Refer to IS 1234 for test methods.,,Voluntary,,https://www.bis.gov.in/mock-source
IS 19211:2025,nan,TED,This standard provides general specifications for the product.,Applicable to manufacturers of nan and related products.,nan,,,,"Must meet specified dimensions, material composition, and safety tests.",Refer to IS 1234 for test methods.,,Voluntary,,https://www.bis.gov.in/mock-source
IS 516 (Part 2/Sec 4):2021,nan,CED,This standard provides general specifications for the product.,Applicable to manufacturers of nan and related products.,nan,,,,"Must meet specified dimensions, material composition, and safety tests.",Refer to IS 1234 for test methods.,,Voluntary,,https://www.bis.gov.in/mock-source
IS 17290 (Part 1):2021,nan,WRD,This standard provides general specifications for the product.,Applicable to manufacturers of nan and related products.,nan,,,,"Must meet specified dimensions, material composition, and safety tests.",Refer to IS 1234 for test methods.,,Voluntary,,https://www.bis.gov.in/mock-source
IS 17288:2021,nan,WRD,This standard provides general specifications for the product.,Applicable to manufacturers of nan and related products.,nan,,,,"Must meet specified dimensions, material composition, and safety tests.",Refer to IS 1234 for test methods.,,Voluntary,,https://www.bis.gov.in/mock-source
IS 516 (Part 5/Sec 2):2021,nan,CED,This standard provides general specifications for the product.,Applicable to manufacturers of nan and related products.,nan,,,,"Must meet specified dimensions, material composition, and safety tests.",Refer to IS 1234 for test methods.,,Voluntary,,https://www.bis.gov.in/mock-source
IS 17287:2021,nan,WRD,This standard provides general specifications for the product.,Applicable to manufacturers of nan and related products.,nan,,,,"Must meet specified dimensions, material composition, and safety tests.",Refer to IS 1234 for test methods.,,Voluntary,,https://www.bis.gov.in/mock-source
IS 19215:2025,nan,TED,This standard provides general specifications for the product.,Applicable to manufacturers of nan and related products.,nan,,,,"Must meet specified dimensions, material composition, and safety tests.",Refer to IS 1234 for test methods.,,Voluntary,,https://www.bis.gov.in/mock-source
IS 17485 (Part 7):2021,nan,WRD,This standard provides general specifications for the product.,Applicable to manufacturers of nan and related products.,nan,,,,"Must meet specified dimensions, material composition, and safety tests.",Refer to IS 1234 for test methods.,,Voluntary,,https://www.bis.gov.in/mock-source
IS/IEC 60512 (Part 4/Sec 3):2002,nan,LITD,This standard provides general specifications for the product.,Applicable to manufacturers of nan and related products.,nan,,,,"Must meet specified dimensions, material composition, and safety tests.",Refer to IS 1234 for test methods.,,Voluntary,,https://www.bis.gov.in/mock-source
IS 19065 (Part 4):2025,nan,TED,This standard provides general specifications for the product.,Applicable to manufacturers of nan and related products.,nan,,,,"Must meet specified dimensions, material composition, and safety tests.",Refer to IS 1234 for test methods.,,Voluntary,,https://www.bis.gov.in/mock-source
IS 19065 (Part 6):2025,nan,TED,This standard provides general specifications for the product.,Applicable to manufacturers of nan and related products.,nan,,,,"Must meet specified dimensions, material composition, and safety tests.",Refer to IS 1234 for test methods.,,Voluntary,,https://www.bis.gov.in/mock-source
IS 19299:2025,nan,TED,This standard provides general specifications for the product.,Applicable to manufacturers of nan and related products.,nan,,,,"Must meet specified dimensions, material composition, and safety tests.",Refer to IS 1234 for test methods.,,Voluntary,,https://www.bis.gov.in/mock-source
IS 17161:2020,nan,CED,This standard provides general specifications for the product.,Applicable to manufacturers of nan and related products.,nan,,,,"Must meet specified dimensions, material composition, and safety tests.",Refer to IS 1234 for test methods.,,Voluntary,,https://www.bis.gov.in/mock-source
IS/IEC 60512 (Part 2/Sec 6):2002,nan,LITD,This standard provides general specifications for the product.,Applicable to manufacturers of nan and related products.,nan,,,,"Must meet specified dimensions, material composition, and safety tests.",Refer to IS 1234 for test methods.,,Voluntary,,https://www.bis.gov.in/mock-source
IS 17485 (Part 3):2021,nan,WRD,This standard provides general specifications for the product.,Applicable to manufacturers of nan and related products.,nan,,,,"Must meet specified dimensions, material composition, and safety tests.",Refer to IS 1234 for test methods.,,Voluntary,,https://www.bis.gov.in/mock-source
